10210111-001,春,Ｍｅｄｉａ　ｉｎ　Ｅｎｇ．Ａ（１）,10,50.0,10.0,10.0,10.0,20.0,0.0,2.6
10210111-002,秋,Ｍｅｄｉａ　ｉｎ　Ｅｎｇ．Ａ（１）,8,0,0,0,0,0,,
10210112-001,春,Ｍｅｄｉａ　ｉｎ　Ｅｎｇ．Ａ（２）,29,51.7,37.9,0.0,3.4,6.9,0.0,3.2
10210112-002,秋,Ｍｅｄｉａ　ｉｎ　Ｅｎｇ．Ａ（２）,30,53.3,43.3,0.0,0.0,3.3,0.0,3.4
10210112-003,秋,Ｍｅｄｉａ　ｉｎ　Ｅｎｇ．Ａ（２）,28,64.3,32.1,0.0,0.0,3.6,0.0,3.5
10210113-000,春,Ｍｅｄｉａ　ｉｎ　Ｅｎｇ．Ａ（３）,21,61.9,4.8,9.5,23.8,0.0,0.0,3.0
10210114-000,秋,Ｍｅｄｉａ　ｉｎ　Ｅｎｇ．Ａ（４）,26,26.9,34.6,3.8,0.0,34.6,0.0,2.2
10210115-001,秋,Ｍｅｄｉａ　ｉｎ　Ｅｎｇ．Ａ（５）,28,21.4,57.1,17.9,0.0,3.6,0.0,2.9
10210115-002,秋,Ｍｅｄｉａ　ｉｎ　Ｅｎｇ．Ａ（５）,8,0,0,0,0,0,,
10210121-000,春,Ｓｏｃｉｏｃｕｌ．Ｅｎｇ．Ａ（１）,24,20.8,54.2,12.5,4.2,8.3,0.0,2.8
10210122-000,秋,Ｓｏｃｉｏｃｕｌ．Ｅｎｇ．Ａ（２）,25,28.0,40.0,4.0,0.0,28.0,0.0,2.4
10210126-000,春,Ｓｏｃｉｏｃｕｌ．Ｅｎｇ．Ａ（６）,30,46.7,16.7,13.3,10.0,13.3,0.0,2.7
10210127-000,秋,Ｓｏｃｉｏｃｕｌ．Ｅｎｇ．Ａ（７）,26,53.8,23.1,11.5,3.8,7.7,0.0,3.1
10210128-000,春,Ｓｏｃｉｏｃｕｌ．Ｅｎｇ．Ａ（８）,27,63.0,22.2,0.0,14.8,0.0,0.0,3.3
10210129-000,秋,Ｓｏｃｉｏｃｕｌ．Ｅｎｇ．Ａ（９）,25,40.0,16.0,8.0,4.0,32.0,0.0,2.3
10210130-001,春,Ｓｏｃｉｏｃｕｌ．Ｅｎｇ．Ａ（１０）,9,0,0,0,0,0,,
10210130-002,秋,Ｓｏｃｉｏｃｕｌ．Ｅｎｇ．Ａ（１０）,10,70.0,0.0,0.0,0.0,30.0,0.0,2.8
10210131-001,春,留学ワークショップ（１）,27,37.0,33.3,29.6,0.0,0.0,0.0,3.1
10210131-002,春,留学ワークショップ（１）,2,0,0,0,0,0,,
10210131-003,秋,留学ワークショップ（１）,27,77.8,11.1,0.0,0.0,11.1,0.0,3.4
10210131-004,秋,留学ワークショップ（１）,0,0,0,0,0,0,,
10210132-000,春,留学ワークショップ（２）,0,0,0,0,0,0,,
10210134-001,春,ＴＯＥＩＣ　Ｐｒｅｐａｒａｔｉｏｎ,27,11.1,29.6,33.3,14.8,11.1,0.0,2.1
10210134-002,秋,ＴＯＥＩＣ　Ｐｒｅｐａｒａｔｉｏｎ,24,16.7,25.0,25.0,20.8,12.5,0.0,2.1
10210134-003,春,ＴＯＥＩＣ　Ｐｒｅｐａｒａｔｉｏｎ,29,6.9,37.9,34.5,6.9,13.8,0.0,2.2
10210134-004,秋,ＴＯＥＩＣ　Ｐｒｅｐａｒａｔｉｏｎ,15,20.0,40.0,6.7,0.0,33.3,0.0,2.1
10210134-007,秋,ＴＯＥＩＣ　Ｐｒｅｐａｒａｔｉｏｎ,28,35.7,35.7,14.3,7.1,7.1,0.0,2.9
10210135-001,春,翻訳入門,24,16.7,33.3,33.3,8.3,8.3,0.0,2.4
10210135-002,春,翻訳入門,23,8.7,43.5,34.8,4.3,8.7,0.0,2.4
10210135-003,秋,翻訳入門,21,14.3,23.8,47.6,0.0,14.3,0.0,2.2
10210135-004,秋,翻訳入門,24,12.5,45.8,29.2,0.0,12.5,0.0,2.5
10210135-005,春,翻訳入門,28,39.3,42.9,3.6,3.6,10.7,0.0,3.0
10210136-000,秋,翻訳ワークショップ,23,43.5,30.4,0.0,0.0,26.1,0.0,2.7
10210138-001,春,通訳入門Ⅰ,22,81.8,4.5,4.5,0.0,9.1,0.0,3.5
10210138-002,春,通訳入門Ⅰ,23,30.4,65.2,0.0,0.0,4.3,0.0,3.2
10210139-001,秋,通訳入門Ⅱ,18,83.3,0.0,0.0,0.0,16.7,0.0,3.3
10210139-002,秋,通訳入門Ⅱ,22,45.5,40.9,0.0,0.0,13.6,0.0,3.0
10210140-001,春,ビジネス英語,28,57.1,14.3,17.9,10.7,0.0,0.0,3.2
10210140-002,秋,ビジネス英語,21,14.3,38.1,14.3,0.0,33.3,0.0,2.0
10210142-001,春,Ｅｎｇｌｉｓｈ　Ｓｋｉｌｌｓ（２）,3,0,0,0,0,0,,
10210142-002,秋,Ｅｎｇｌｉｓｈ　Ｓｋｉｌｌｓ（２）,6,0,0,0,0,0,,
10210143-001,春,Ｅｎｇｌｉｓｈ　Ｓｋｉｌｌｓ（３）,25,28.0,40.0,20.0,0.0,12.0,0.0,2.7
10210143-002,秋,Ｅｎｇｌｉｓｈ　Ｓｋｉｌｌｓ（３）,24,25.0,20.8,33.3,0.0,20.8,0.0,2.3
10210143-003,秋,Ｅｎｇｌｉｓｈ　Ｓｋｉｌｌｓ（３）,25,28.0,28.0,28.0,8.0,8.0,0.0,2.6
10210144-001,春,Ｅｎｇｌｉｓｈ　Ｓｋｉｌｌｓ（４）,23,95.7,0.0,4.3,0.0,0.0,0.0,3.9
10210144-002,秋,Ｅｎｇｌｉｓｈ　Ｓｋｉｌｌｓ（４）,18,88.9,0.0,0.0,0.0,11.1,0.0,3.6
10210145-000,秋,Ｅｎｇｌｉｓｈ　Ｓｋｉｌｌｓ（５）,5,0,0,0,0,0,,
10210147-000,春,Ｅｎｇｌｉｓｈ　Ｓｋｉｌｌｓ（７）,16,25.0,31.3,18.8,18.8,6.3,0.0,2.5
10210148-000,秋,Ｅｎｇｌｉｓｈ　Ｓｋｉｌｌｓ（８）,18,16.7,44.4,27.8,0.0,11.1,0.0,2.6
10210149-000,秋,Ｅｎｇｌｉｓｈ　Ｓｋｉｌｌｓ（９）,5,0,0,0,0,0,,
10210221-000,春,Ｍｅｄｉａ　ｉｎ　Ｅｎｇ．Ｂ（１）,21,42.9,47.6,9.5,0.0,0.0,0.0,3.3
10210222-001,春,Ｍｅｄｉａ　ｉｎ　Ｅｎｇ．Ｂ（２）,22,40.9,54.5,4.5,0.0,0.0,0.0,3.4
10210222-002,秋,Ｍｅｄｉａ　ｉｎ　Ｅｎｇ．Ｂ（２）,21,14.3,76.2,4.8,0.0,4.8,0.0,3.0
10210223-001,春,Ｍｅｄｉａ　ｉｎ　Ｅｎｇ．Ｂ（３）,24,45.8,29.2,20.8,0.0,4.2,0.0,3.1
10210223-002,秋,Ｍｅｄｉａ　ｉｎ　Ｅｎｇ．Ｂ（３）,24,45.8,45.8,4.2,0.0,4.2,0.0,3.3
10210225-000,春,Ｍｅｄｉａ　ｉｎ　Ｅｎｇ．Ｂ（５）,21,28.6,19.0,9.5,9.5,33.3,0.0,2.0
10210226-000,秋,Ｍｅｄｉａ　ｉｎ　Ｅｎｇ．Ｂ（６）,23,17.4,39.1,13.0,4.3,26.1,0.0,2.2
10210241-001,春,Ｓｏｃｉｏｃｕｌ．Ｅｎｇ．Ｂ（１）,22,31.8,13.6,27.3,22.7,4.5,0.0,2.5
10210241-002,秋,Ｓｏｃｉｏｃｕｌ．Ｅｎｇ．Ｂ（１）,3,0,0,0,0,0,,
10210242-001,春,Ｓｏｃｉｏｃｕｌ．Ｅｎｇ．Ｂ（２）,23,26.1,65.2,8.7,0.0,0.0,0.0,3.2
10210242-002,秋,Ｓｏｃｉｏｃｕｌ．Ｅｎｇ．Ｂ（２）,22,40.9,50.0,0.0,0.0,9.1,0.0,3.1
10210245-000,春,Ｓｏｃｉｏｃｕｌ．Ｅｎｇ．Ｂ（５）,19,15.8,42.1,26.3,0.0,15.8,0.0,2.4
10210246-000,秋,Ｓｏｃｉｏｃｕｌ．Ｅｎｇ．Ｂ（６）,18,33.3,22.2,33.3,11.1,0.0,0.0,2.8
10210247-000,春,Ｓｏｃｉｏｃｕｌ．Ｅｎｇ．Ｂ（７）,23,73.9,21.7,4.3,0.0,0.0,0.0,3.7
10210248-000,秋,Ｓｏｃｉｏｃｕｌ．Ｅｎｇ．Ｂ（８）,8,0,0,0,0,0,,
10210249-001,春,Ｓｏｃｉｏｃｕｌ．Ｅｎｇ．Ｂ（９）,23,34.8,52.2,0.0,0.0,13.0,0.0,3.0
10210249-002,秋,Ｓｏｃｉｏｃｕｌ．Ｅｎｇ．Ｂ（９）,22,40.9,59.1,0.0,0.0,0.0,0.0,3.4
10210250-001,春,Ｓｏｃｉｏｃｕｌ．Ｅｎｇ．Ｂ（１０）,17,5.9,23.5,47.1,5.9,17.6,0.0,1.9
10210250-002,春,Ｓｏｃｉｏｃｕｌ．Ｅｎｇ．Ｂ（１０）,14,14.3,35.7,35.7,14.3,0.0,0.0,2.5
10210251-001,秋,Ｓｏｃｉｏｃｕｌ．Ｅｎｇ．Ｂ（１１）,8,0,0,0,0,0,,
10210251-002,秋,Ｓｏｃｉｏｃｕｌ．Ｅｎｇ．Ｂ（１１）,9,0,0,0,0,0,,
10210261-000,秋,英米文学特論Ａ（１）,214,21.5,43.9,13.1,6.5,15.0,0.0,2.5
10210262-000,春,英米文学特論Ａ（２）,135,26.7,23.7,17.0,16.3,16.3,0.0,2.3
10210263-000,春,英米文学特論Ａ（３）,140,31.4,30.0,7.1,9.3,22.1,0.0,2.4
10210264-000,秋,英米文学特論Ａ（４）,137,19.7,21.9,21.2,22.6,14.6,0.0,2.1
10210265-000,秋,英米文学特論Ａ（５）,139,40.3,23.0,14.4,5.0,17.3,0.0,2.6
10210271-000,春,英米文学特論Ａ（１１）,248,19.0,21.8,10.5,10.5,38.3,0.0,1.7
10210274-000,秋,英米文学特論Ａ（１４）,47,57.4,19.1,12.8,0.0,10.6,0.0,3.1
10210281-000,春,英語文化特論Ａ（１）,126,50.8,19.0,10.3,7.9,11.9,0.0,2.9
10210282-000,春,英語文化特論Ａ（２）,69,18.8,27.5,21.7,10.1,21.7,0.0,2.1
10210283-000,秋,英語文化特論Ａ（３）,79,29.1,30.4,12.7,10.1,17.7,0.0,2.4
10210284-000,春,英語文化特論Ａ（４）,60,36.7,30.0,11.7,3.3,18.3,0.0,2.6
10210285-000,秋,英語文化特論Ａ（５）,133,39.1,20.3,21.8,7.5,11.3,0.0,2.7
10210288-000,秋,英語文化特論Ａ（８）,93,17.2,10.8,19.4,9.7,43.0,0.0,1.5
10210295-000,秋,英語学特論（５）,9,0,0,0,0,0,,
10210296-000,秋,英語学特論（６）,8,0,0,0,0,0,,
10210311-000,春,英語圏文学Ａ（１）,71,29.6,35.2,14.1,8.5,12.7,0.0,2.6
10210318-000,秋,英語教育基礎論（３）,26,26.9,23.1,23.1,7.7,19.2,0.0,2.3
10210353-000,春,英米文学入門,276,20.7,25.4,21.0,18.1,14.9,0.0,2.2
10210354-000,春,英米文化入門,191,15.7,24.1,22.5,17.8,19.9,0.0,2.0
10210355-000,春,英語学入門,120,30.8,35.0,13.3,4.2,16.7,0.0,2.6
10210356-000,春,英語教育学入門,156,12.2,23.1,28.8,21.8,14.1,0.0,2.0
10210357-000,秋,日英語対照研究（１）,57,14.0,22.8,29.8,15.8,17.5,0.0,2.0
10210359-001,通年,教育実習指導,10,30.0,40.0,10.0,0.0,10.0,10.0,2.9
10210359-002,通年,教育実習指導,13,7.7,76.9,15.4,0.0,0.0,0.0,2.9
10210359-003,通年,教育実習指導,13,30.8,61.5,7.7,0.0,0.0,0.0,3.2
10210359-004,通年,教育実習指導,10,10.0,70.0,20.0,0.0,0.0,0.0,2.9
10210359-005,通年,教育実習指導,12,0.0,41.7,50.0,8.3,0.0,0.0,2.3
10210392-000,春,ギリシャ語入門Ⅰ,21,38.1,19.0,19.0,0.0,23.8,0.0,2.5
10210393-000,秋,ギリシャ語入門Ⅱ,10,30.0,40.0,0.0,10.0,20.0,0.0,2.5
10210394-000,春,ギリシャ語講読Ⅰ,1,0,0,0,0,0,,
10210395-000,秋,ギリシャ語講読Ⅱ,2,0,0,0,0,0,,
10210400-000,秋,英語教育学,154,24.7,28.6,20.1,12.3,14.3,0.0,2.4
10210461-000,春,英米文学特論Ｂ（１）,48,33.3,18.8,33.3,10.4,4.2,0.0,2.7
10210462-000,春,英米文学特論Ｂ（２）,66,13.6,39.4,25.8,9.1,12.1,0.0,2.3
10210464-000,春,英米文学特論Ｂ（４）,33,66.7,9.1,9.1,0.0,15.2,0.0,3.1
10210465-000,秋,英米文学特論Ｂ（５）,45,31.1,24.4,13.3,8.9,22.2,0.0,2.3
10210468-000,春,英米文学特論Ｂ（８）,151,13.9,51.0,18.5,6.6,9.9,0.0,2.5
10210470-000,秋,英米文学特論Ｂ（１０）,94,21.3,36.2,21.3,7.4,13.8,0.0,2.4
10210491-000,秋,英語文化特論Ｂ（１）,15,20.0,46.7,13.3,6.7,13.3,0.0,2.5
10210492-000,秋,英語文化特論Ｂ（２）,101,17.8,33.7,17.8,11.9,18.8,0.0,2.2
10210493-000,秋,英語文化特論Ｂ（３）,50,26.0,10.0,20.0,4.0,40.0,0.0,1.8
10210494-000,秋,英語文化特論Ｂ（４）,83,53.0,24.1,10.8,3.6,8.4,0.0,3.1
10210495-000,春,英語文化特論Ｂ（５）,77,20.8,23.4,23.4,13.0,19.5,0.0,2.1
10210501-000,春,英語圏文学Ｂ（１）,70,34.3,34.3,10.0,4.3,17.1,0.0,2.6
10210503-000,秋,英語圏文学Ｂ（３）,26,26.9,38.5,15.4,3.8,15.4,0.0,2.6
10210507-000,秋,英語教育特論（２）,12,58.3,16.7,16.7,0.0,8.3,0.0,3.2
10210702-000,春,英語科教育法Ｂ,65,15.4,36.9,21.5,16.9,9.2,0.0,2.3
10210703-000,秋,英語科教育法Ｃ,54,18.5,14.8,27.8,18.5,20.4,0.0,1.9
10210710-000,春,英語科教育法Ａ１,62,24.2,25.8,25.8,9.7,14.5,0.0,2.4
10210711-000,秋,英語科教育法Ａ２,12,50.0,16.7,25.0,0.0,8.3,0.0,3.0
10210712-001,春,Ｃｏｍｍｕｎｉｃａｔｉｖｅ　Ｅｎｇｌｉｓｈ　Ｓｋｉｌｌｓ　Ａ　Ⅰ,0,0,0,0,0,0,,
10210712-002,春,Ｃｏｍｍｕｎｉｃａｔｉｖｅ　Ｅｎｇｌｉｓｈ　Ｓｋｉｌｌｓ　Ａ　Ⅰ,0,0,0,0,0,0,,
10210712-003,春,Ｃｏｍｍｕｎｉｃａｔｉｖｅ　Ｅｎｇｌｉｓｈ　Ｓｋｉｌｌｓ　Ａ　Ⅰ,0,0,0,0,0,0,,
10210712-004,春,Ｃｏｍｍｕｎｉｃａｔｉｖｅ　Ｅｎｇｌｉｓｈ　Ｓｋｉｌｌｓ　Ａ　Ⅰ,0,0,0,0,0,0,,
10210712-005,春,Ｃｏｍｍｕｎｉｃａｔｉｖｅ　Ｅｎｇｌｉｓｈ　Ｓｋｉｌｌｓ　Ａ　Ⅰ,0,0,0,0,0,0,,
10210712-006,春,Ｃｏｍｍｕｎｉｃａｔｉｖｅ　Ｅｎｇｌｉｓｈ　Ｓｋｉｌｌｓ　Ａ　Ⅰ,0,0,0,0,0,0,,
10210712-007,春,Ｃｏｍｍｕｎｉｃａｔｉｖｅ　Ｅｎｇｌｉｓｈ　Ｓｋｉｌｌｓ　Ａ　Ⅰ,0,0,0,0,0,0,,
10210712-008,春,Ｃｏｍｍｕｎｉｃａｔｉｖｅ　Ｅｎｇｌｉｓｈ　Ｓｋｉｌｌｓ　Ａ　Ⅰ,0,0,0,0,0,0,,
10210712-009,春,Ｃｏｍｍｕｎｉｃａｔｉｖｅ　Ｅｎｇｌｉｓｈ　Ｓｋｉｌｌｓ　Ａ　Ⅰ,0,0,0,0,0,0,,
10210712-010,春,Ｃｏｍｍｕｎｉｃａｔｉｖｅ　Ｅｎｇｌｉｓｈ　Ｓｋｉｌｌｓ　Ａ　Ⅰ,0,0,0,0,0,0,,
10210712-011,春,Ｃｏｍｍｕｎｉｃａｔｉｖｅ　Ｅｎｇｌｉｓｈ　Ｓｋｉｌｌｓ　Ａ　Ⅰ,0,0,0,0,0,0,,
10210712-012,春,Ｃｏｍｍｕｎｉｃａｔｉｖｅ　Ｅｎｇｌｉｓｈ　Ｓｋｉｌｌｓ　Ａ　Ⅰ,0,0,0,0,0,0,,
10210712-101,春,Ｃｏｍｍｕｎｉｃａｔｉｖｅ　Ｅｎｇｌｉｓｈ　Ｓｋｉｌｌｓ　Ａ　Ⅰ,0,0,0,0,0,0,,
10210713-001,秋,Ｃｏｍｍｕｎｉｃａｔｉｖｅ　Ｅｎｇｌｉｓｈ　Ｓｋｉｌｌｓ　Ａ　Ⅱ,0,0,0,0,0,0,,
10210713-002,秋,Ｃｏｍｍｕｎｉｃａｔｉｖｅ　Ｅｎｇｌｉｓｈ　Ｓｋｉｌｌｓ　Ａ　Ⅱ,0,0,0,0,0,0,,
10210713-003,秋,Ｃｏｍｍｕｎｉｃａｔｉｖｅ　Ｅｎｇｌｉｓｈ　Ｓｋｉｌｌｓ　Ａ　Ⅱ,0,0,0,0,0,0,,
10210713-004,秋,Ｃｏｍｍｕｎｉｃａｔｉｖｅ　Ｅｎｇｌｉｓｈ　Ｓｋｉｌｌｓ　Ａ　Ⅱ,0,0,0,0,0,0,,
10210713-005,秋,Ｃｏｍｍｕｎｉｃａｔｉｖｅ　Ｅｎｇｌｉｓｈ　Ｓｋｉｌｌｓ　Ａ　Ⅱ,0,0,0,0,0,0,,
10210713-006,秋,Ｃｏｍｍｕｎｉｃａｔｉｖｅ　Ｅｎｇｌｉｓｈ　Ｓｋｉｌｌｓ　Ａ　Ⅱ,0,0,0,0,0,0,,
10210713-007,秋,Ｃｏｍｍｕｎｉｃａｔｉｖｅ　Ｅｎｇｌｉｓｈ　Ｓｋｉｌｌｓ　Ａ　Ⅱ,0,0,0,0,0,0,,
10210713-008,秋,Ｃｏｍｍｕｎｉｃａｔｉｖｅ　Ｅｎｇｌｉｓｈ　Ｓｋｉｌｌｓ　Ａ　Ⅱ,0,0,0,0,0,0,,
10210713-009,秋,Ｃｏｍｍｕｎｉｃａｔｉｖｅ　Ｅｎｇｌｉｓｈ　Ｓｋｉｌｌｓ　Ａ　Ⅱ,0,0,0,0,0,0,,
10210713-010,秋,Ｃｏｍｍｕｎｉｃａｔｉｖｅ　Ｅｎｇｌｉｓｈ　Ｓｋｉｌｌｓ　Ａ　Ⅱ,0,0,0,0,0,0,,
10210713-011,秋,Ｃｏｍｍｕｎｉｃａｔｉｖｅ　Ｅｎｇｌｉｓｈ　Ｓｋｉｌｌｓ　Ａ　Ⅱ,0,0,0,0,0,0,,
10210713-012,秋,Ｃｏｍｍｕｎｉｃａｔｉｖｅ　Ｅｎｇｌｉｓｈ　Ｓｋｉｌｌｓ　Ａ　Ⅱ,0,0,0,0,0,0,,
10210713-101,秋,Ｃｏｍｍｕｎｉｃａｔｉｖｅ　Ｅｎｇｌｉｓｈ　Ｓｋｉｌｌｓ　Ａ　Ⅱ,0,0,0,0,0,0,,
10210714-001,春,Ｃｏｍｍｕｎｉｃａｔｉｖｅ　Ｅｎｇｌｉｓｈ　Ｓｋｉｌｌｓ　Ｂ　Ⅰ,0,0,0,0,0,0,,
10210714-002,春,Ｃｏｍｍｕｎｉｃａｔｉｖｅ　Ｅｎｇｌｉｓｈ　Ｓｋｉｌｌｓ　Ｂ　Ⅰ,0,0,0,0,0,0,,
10210714-003,春,Ｃｏｍｍｕｎｉｃａｔｉｖｅ　Ｅｎｇｌｉｓｈ　Ｓｋｉｌｌｓ　Ｂ　Ⅰ,0,0,0,0,0,0,,
10210714-004,春,Ｃｏｍｍｕｎｉｃａｔｉｖｅ　Ｅｎｇｌｉｓｈ　Ｓｋｉｌｌｓ　Ｂ　Ⅰ,0,0,0,0,0,0,,
10210714-005,春,Ｃｏｍｍｕｎｉｃａｔｉｖｅ　Ｅｎｇｌｉｓｈ　Ｓｋｉｌｌｓ　Ｂ　Ⅰ,0,0,0,0,0,0,,
10210714-006,春,Ｃｏｍｍｕｎｉｃａｔｉｖｅ　Ｅｎｇｌｉｓｈ　Ｓｋｉｌｌｓ　Ｂ　Ⅰ,0,0,0,0,0,0,,
10210714-007,春,Ｃｏｍｍｕｎｉｃａｔｉｖｅ　Ｅｎｇｌｉｓｈ　Ｓｋｉｌｌｓ　Ｂ　Ⅰ,0,0,0,0,0,0,,
10210714-008,春,Ｃｏｍｍｕｎｉｃａｔｉｖｅ　Ｅｎｇｌｉｓｈ　Ｓｋｉｌｌｓ　Ｂ　Ⅰ,0,0,0,0,0,0,,
10210714-009,春,Ｃｏｍｍｕｎｉｃａｔｉｖｅ　Ｅｎｇｌｉｓｈ　Ｓｋｉｌｌｓ　Ｂ　Ⅰ,0,0,0,0,0,0,,
10210714-010,春,Ｃｏｍｍｕｎｉｃａｔｉｖｅ　Ｅｎｇｌｉｓｈ　Ｓｋｉｌｌｓ　Ｂ　Ⅰ,0,0,0,0,0,0,,
10210714-011,春,Ｃｏｍｍｕｎｉｃａｔｉｖｅ　Ｅｎｇｌｉｓｈ　Ｓｋｉｌｌｓ　Ｂ　Ⅰ,0,0,0,0,0,0,,
10210714-012,春,Ｃｏｍｍｕｎｉｃａｔｉｖｅ　Ｅｎｇｌｉｓｈ　Ｓｋｉｌｌｓ　Ｂ　Ⅰ,0,0,0,0,0,0,,
10210714-013,春,Ｃｏｍｍｕｎｉｃａｔｉｖｅ　Ｅｎｇｌｉｓｈ　Ｓｋｉｌｌｓ　Ｂ　Ⅰ,0,0,0,0,0,0,,
10210714-014,春,Ｃｏｍｍｕｎｉｃａｔｉｖｅ　Ｅｎｇｌｉｓｈ　Ｓｋｉｌｌｓ　Ｂ　Ⅰ,0,0,0,0,0,0,,
10210714-015,春,Ｃｏｍｍｕｎｉｃａｔｉｖｅ　Ｅｎｇｌｉｓｈ　Ｓｋｉｌｌｓ　Ｂ　Ⅰ,0,0,0,0,0,0,,
10210714-101,春,Ｃｏｍｍｕｎｉｃａｔｉｖｅ　Ｅｎｇｌｉｓｈ　Ｓｋｉｌｌｓ　Ｂ　Ⅰ,0,0,0,0,0,0,,
10210715-001,秋,Ｃｏｍｍｕｎｉｃａｔｉｖｅ　Ｅｎｇｌｉｓｈ　Ｓｋｉｌｌｓ　Ｂ　Ⅱ,0,0,0,0,0,0,,
10210715-002,秋,Ｃｏｍｍｕｎｉｃａｔｉｖｅ　Ｅｎｇｌｉｓｈ　Ｓｋｉｌｌｓ　Ｂ　Ⅱ,0,0,0,0,0,0,,
10210715-003,秋,Ｃｏｍｍｕｎｉｃａｔｉｖｅ　Ｅｎｇｌｉｓｈ　Ｓｋｉｌｌｓ　Ｂ　Ⅱ,0,0,0,0,0,0,,
10210715-004,秋,Ｃｏｍｍｕｎｉｃａｔｉｖｅ　Ｅｎｇｌｉｓｈ　Ｓｋｉｌｌｓ　Ｂ　Ⅱ,0,0,0,0,0,0,,
10210715-005,秋,Ｃｏｍｍｕｎｉｃａｔｉｖｅ　Ｅｎｇｌｉｓｈ　Ｓｋｉｌｌｓ　Ｂ　Ⅱ,0,0,0,0,0,0,,
10210715-006,秋,Ｃｏｍｍｕｎｉｃａｔｉｖｅ　Ｅｎｇｌｉｓｈ　Ｓｋｉｌｌｓ　Ｂ　Ⅱ,0,0,0,0,0,0,,
10210715-007,秋,Ｃｏｍｍｕｎｉｃａｔｉｖｅ　Ｅｎｇｌｉｓｈ　Ｓｋｉｌｌｓ　Ｂ　Ⅱ,0,0,0,0,0,0,,
10210715-008,秋,Ｃｏｍｍｕｎｉｃａｔｉｖｅ　Ｅｎｇｌｉｓｈ　Ｓｋｉｌｌｓ　Ｂ　Ⅱ,0,0,0,0,0,0,,
10210715-009,秋,Ｃｏｍｍｕｎｉｃａｔｉｖｅ　Ｅｎｇｌｉｓｈ　Ｓｋｉｌｌｓ　Ｂ　Ⅱ,0,0,0,0,0,0,,
10210715-010,秋,Ｃｏｍｍｕｎｉｃａｔｉｖｅ　Ｅｎｇｌｉｓｈ　Ｓｋｉｌｌｓ　Ｂ　Ⅱ,0,0,0,0,0,0,,
10210715-011,秋,Ｃｏｍｍｕｎｉｃａｔｉｖｅ　Ｅｎｇｌｉｓｈ　Ｓｋｉｌｌｓ　Ｂ　Ⅱ,0,0,0,0,0,0,,
10210715-012,秋,Ｃｏｍｍｕｎｉｃａｔｉｖｅ　Ｅｎｇｌｉｓｈ　Ｓｋｉｌｌｓ　Ｂ　Ⅱ,0,0,0,0,0,0,,
10210715-013,秋,Ｃｏｍｍｕｎｉｃａｔｉｖｅ　Ｅｎｇｌｉｓｈ　Ｓｋｉｌｌｓ　Ｂ　Ⅱ,0,0,0,0,0,0,,
10210715-014,秋,Ｃｏｍｍｕｎｉｃａｔｉｖｅ　Ｅｎｇｌｉｓｈ　Ｓｋｉｌｌｓ　Ｂ　Ⅱ,0,0,0,0,0,0,,
10210715-015,秋,Ｃｏｍｍｕｎｉｃａｔｉｖｅ　Ｅｎｇｌｉｓｈ　Ｓｋｉｌｌｓ　Ｂ　Ⅱ,0,0,0,0,0,0,,
10210715-101,秋,Ｃｏｍｍｕｎｉｃａｔｉｖｅ　Ｅｎｇｌｉｓｈ　Ｓｋｉｌｌｓ　Ｂ　Ⅱ,0,0,0,0,0,0,,
10210716-001,春,Ｃｏｍｍｕｎｉｃａｔｉｖｅ　Ｅｎｇｌｉｓｈ　Ｓｋｉｌｌｓ　Ｃ　Ⅰ,0,0,0,0,0,0,,
10210716-002,春,Ｃｏｍｍｕｎｉｃａｔｉｖｅ　Ｅｎｇｌｉｓｈ　Ｓｋｉｌｌｓ　Ｃ　Ⅰ,0,0,0,0,0,0,,
10210716-003,春,Ｃｏｍｍｕｎｉｃａｔｉｖｅ　Ｅｎｇｌｉｓｈ　Ｓｋｉｌｌｓ　Ｃ　Ⅰ,0,0,0,0,0,0,,
10210716-004,春,Ｃｏｍｍｕｎｉｃａｔｉｖｅ　Ｅｎｇｌｉｓｈ　Ｓｋｉｌｌｓ　Ｃ　Ⅰ,0,0,0,0,0,0,,
10210716-005,春,Ｃｏｍｍｕｎｉｃａｔｉｖｅ　Ｅｎｇｌｉｓｈ　Ｓｋｉｌｌｓ　Ｃ　Ⅰ,0,0,0,0,0,0,,
10210716-006,春,Ｃｏｍｍｕｎｉｃａｔｉｖｅ　Ｅｎｇｌｉｓｈ　Ｓｋｉｌｌｓ　Ｃ　Ⅰ,0,0,0,0,0,0,,
10210716-007,春,Ｃｏｍｍｕｎｉｃａｔｉｖｅ　Ｅｎｇｌｉｓｈ　Ｓｋｉｌｌｓ　Ｃ　Ⅰ,0,0,0,0,0,0,,
10210716-008,春,Ｃｏｍｍｕｎｉｃａｔｉｖｅ　Ｅｎｇｌｉｓｈ　Ｓｋｉｌｌｓ　Ｃ　Ⅰ,0,0,0,0,0,0,,
10210716-009,春,Ｃｏｍｍｕｎｉｃａｔｉｖｅ　Ｅｎｇｌｉｓｈ　Ｓｋｉｌｌｓ　Ｃ　Ⅰ,0,0,0,0,0,0,,
10210716-010,春,Ｃｏｍｍｕｎｉｃａｔｉｖｅ　Ｅｎｇｌｉｓｈ　Ｓｋｉｌｌｓ　Ｃ　Ⅰ,0,0,0,0,0,0,,
10210716-011,春,Ｃｏｍｍｕｎｉｃａｔｉｖｅ　Ｅｎｇｌｉｓｈ　Ｓｋｉｌｌｓ　Ｃ　Ⅰ,0,0,0,0,0,0,,
10210716-012,春,Ｃｏｍｍｕｎｉｃａｔｉｖｅ　Ｅｎｇｌｉｓｈ　Ｓｋｉｌｌｓ　Ｃ　Ⅰ,0,0,0,0,0,0,,
10210716-101,春,Ｃｏｍｍｕｎｉｃａｔｉｖｅ　Ｅｎｇｌｉｓｈ　Ｓｋｉｌｌｓ　Ｃ　Ⅰ,0,0,0,0,0,0,,
10210717-001,秋,Ｃｏｍｍｕｎｉｃａｔｉｖｅ　Ｅｎｇｌｉｓｈ　Ｓｋｉｌｌｓ　Ｃ　Ⅱ,0,0,0,0,0,0,,
10210717-002,秋,Ｃｏｍｍｕｎｉｃａｔｉｖｅ　Ｅｎｇｌｉｓｈ　Ｓｋｉｌｌｓ　Ｃ　Ⅱ,0,0,0,0,0,0,,
10210717-003,秋,Ｃｏｍｍｕｎｉｃａｔｉｖｅ　Ｅｎｇｌｉｓｈ　Ｓｋｉｌｌｓ　Ｃ　Ⅱ,0,0,0,0,0,0,,
10210717-004,秋,Ｃｏｍｍｕｎｉｃａｔｉｖｅ　Ｅｎｇｌｉｓｈ　Ｓｋｉｌｌｓ　Ｃ　Ⅱ,0,0,0,0,0,0,,
10210717-005,秋,Ｃｏｍｍｕｎｉｃａｔｉｖｅ　Ｅｎｇｌｉｓｈ　Ｓｋｉｌｌｓ　Ｃ　Ⅱ,0,0,0,0,0,0,,
10210717-006,秋,Ｃｏｍｍｕｎｉｃａｔｉｖｅ　Ｅｎｇｌｉｓｈ　Ｓｋｉｌｌｓ　Ｃ　Ⅱ,0,0,0,0,0,0,,
10210717-007,秋,Ｃｏｍｍｕｎｉｃａｔｉｖｅ　Ｅｎｇｌｉｓｈ　Ｓｋｉｌｌｓ　Ｃ　Ⅱ,0,0,0,0,0,0,,
10210717-008,秋,Ｃｏｍｍｕｎｉｃａｔｉｖｅ　Ｅｎｇｌｉｓｈ　Ｓｋｉｌｌｓ　Ｃ　Ⅱ,0,0,0,0,0,0,,
10210717-009,秋,Ｃｏｍｍｕｎｉｃａｔｉｖｅ　Ｅｎｇｌｉｓｈ　Ｓｋｉｌｌｓ　Ｃ　Ⅱ,0,0,0,0,0,0,,
10210717-010,秋,Ｃｏｍｍｕｎｉｃａｔｉｖｅ　Ｅｎｇｌｉｓｈ　Ｓｋｉｌｌｓ　Ｃ　Ⅱ,0,0,0,0,0,0,,
10210717-011,秋,Ｃｏｍｍｕｎｉｃａｔｉｖｅ　Ｅｎｇｌｉｓｈ　Ｓｋｉｌｌｓ　Ｃ　Ⅱ,0,0,0,0,0,0,,
10210717-012,秋,Ｃｏｍｍｕｎｉｃａｔｉｖｅ　Ｅｎｇｌｉｓｈ　Ｓｋｉｌｌｓ　Ｃ　Ⅱ,0,0,0,0,0,0,,
10210717-101,秋,Ｃｏｍｍｕｎｉｃａｔｉｖｅ　Ｅｎｇｌｉｓｈ　Ｓｋｉｌｌｓ　Ｃ　Ⅱ,16,0.0,6.3,25.0,25.0,43.8,0.0,0.9
10210718-001,春,Ｃｏｍｍｕｎｉｃａｔｉｖｅ　Ｅｎｇｌｉｓｈ　Ｓｋｉｌｌｓ　Ｄ　Ⅰ,0,0,0,0,0,0,,
10210718-002,春,Ｃｏｍｍｕｎｉｃａｔｉｖｅ　Ｅｎｇｌｉｓｈ　Ｓｋｉｌｌｓ　Ｄ　Ⅰ,0,0,0,0,0,0,,
10210718-003,春,Ｃｏｍｍｕｎｉｃａｔｉｖｅ　Ｅｎｇｌｉｓｈ　Ｓｋｉｌｌｓ　Ｄ　Ⅰ,0,0,0,0,0,0,,
10210718-004,春,Ｃｏｍｍｕｎｉｃａｔｉｖｅ　Ｅｎｇｌｉｓｈ　Ｓｋｉｌｌｓ　Ｄ　Ⅰ,0,0,0,0,0,0,,
10210718-005,春,Ｃｏｍｍｕｎｉｃａｔｉｖｅ　Ｅｎｇｌｉｓｈ　Ｓｋｉｌｌｓ　Ｄ　Ⅰ,0,0,0,0,0,0,,
10210718-006,春,Ｃｏｍｍｕｎｉｃａｔｉｖｅ　Ｅｎｇｌｉｓｈ　Ｓｋｉｌｌｓ　Ｄ　Ⅰ,0,0,0,0,0,0,,
10210718-007,春,Ｃｏｍｍｕｎｉｃａｔｉｖｅ　Ｅｎｇｌｉｓｈ　Ｓｋｉｌｌｓ　Ｄ　Ⅰ,0,0,0,0,0,0,,
10210718-008,春,Ｃｏｍｍｕｎｉｃａｔｉｖｅ　Ｅｎｇｌｉｓｈ　Ｓｋｉｌｌｓ　Ｄ　Ⅰ,0,0,0,0,0,0,,
10210718-009,春,Ｃｏｍｍｕｎｉｃａｔｉｖｅ　Ｅｎｇｌｉｓｈ　Ｓｋｉｌｌｓ　Ｄ　Ⅰ,0,0,0,0,0,0,,
10210718-010,春,Ｃｏｍｍｕｎｉｃａｔｉｖｅ　Ｅｎｇｌｉｓｈ　Ｓｋｉｌｌｓ　Ｄ　Ⅰ,0,0,0,0,0,0,,
10210718-011,春,Ｃｏｍｍｕｎｉｃａｔｉｖｅ　Ｅｎｇｌｉｓｈ　Ｓｋｉｌｌｓ　Ｄ　Ⅰ,0,0,0,0,0,0,,
10210718-012,春,Ｃｏｍｍｕｎｉｃａｔｉｖｅ　Ｅｎｇｌｉｓｈ　Ｓｋｉｌｌｓ　Ｄ　Ⅰ,0,0,0,0,0,0,,
10210718-013,春,Ｃｏｍｍｕｎｉｃａｔｉｖｅ　Ｅｎｇｌｉｓｈ　Ｓｋｉｌｌｓ　Ｄ　Ⅰ,0,0,0,0,0,0,,
10210718-014,春,Ｃｏｍｍｕｎｉｃａｔｉｖｅ　Ｅｎｇｌｉｓｈ　Ｓｋｉｌｌｓ　Ｄ　Ⅰ,0,0,0,0,0,0,,
10210718-015,春,Ｃｏｍｍｕｎｉｃａｔｉｖｅ　Ｅｎｇｌｉｓｈ　Ｓｋｉｌｌｓ　Ｄ　Ⅰ,0,0,0,0,0,0,,
10210718-101,春,Ｃｏｍｍｕｎｉｃａｔｉｖｅ　Ｅｎｇｌｉｓｈ　Ｓｋｉｌｌｓ　Ｄ　Ⅰ,0,0,0,0,0,0,,
10210719-001,秋,Ｃｏｍｍｕｎｉｃａｔｉｖｅ　Ｅｎｇｌｉｓｈ　Ｓｋｉｌｌｓ　Ｄ　Ⅱ,0,0,0,0,0,0,,
10210719-002,秋,Ｃｏｍｍｕｎｉｃａｔｉｖｅ　Ｅｎｇｌｉｓｈ　Ｓｋｉｌｌｓ　Ｄ　Ⅱ,0,0,0,0,0,0,,
10210719-003,秋,Ｃｏｍｍｕｎｉｃａｔｉｖｅ　Ｅｎｇｌｉｓｈ　Ｓｋｉｌｌｓ　Ｄ　Ⅱ,0,0,0,0,0,0,,
10210719-004,秋,Ｃｏｍｍｕｎｉｃａｔｉｖｅ　Ｅｎｇｌｉｓｈ　Ｓｋｉｌｌｓ　Ｄ　Ⅱ,0,0,0,0,0,0,,
10210719-005,秋,Ｃｏｍｍｕｎｉｃａｔｉｖｅ　Ｅｎｇｌｉｓｈ　Ｓｋｉｌｌｓ　Ｄ　Ⅱ,0,0,0,0,0,0,,
10210719-006,秋,Ｃｏｍｍｕｎｉｃａｔｉｖｅ　Ｅｎｇｌｉｓｈ　Ｓｋｉｌｌｓ　Ｄ　Ⅱ,0,0,0,0,0,0,,
10210719-007,秋,Ｃｏｍｍｕｎｉｃａｔｉｖｅ　Ｅｎｇｌｉｓｈ　Ｓｋｉｌｌｓ　Ｄ　Ⅱ,0,0,0,0,0,0,,
10210719-008,秋,Ｃｏｍｍｕｎｉｃａｔｉｖｅ　Ｅｎｇｌｉｓｈ　Ｓｋｉｌｌｓ　Ｄ　Ⅱ,0,0,0,0,0,0,,
10210719-009,秋,Ｃｏｍｍｕｎｉｃａｔｉｖｅ　Ｅｎｇｌｉｓｈ　Ｓｋｉｌｌｓ　Ｄ　Ⅱ,0,0,0,0,0,0,,
10210719-010,秋,Ｃｏｍｍｕｎｉｃａｔｉｖｅ　Ｅｎｇｌｉｓｈ　Ｓｋｉｌｌｓ　Ｄ　Ⅱ,0,0,0,0,0,0,,
10210719-011,秋,Ｃｏｍｍｕｎｉｃａｔｉｖｅ　Ｅｎｇｌｉｓｈ　Ｓｋｉｌｌｓ　Ｄ　Ⅱ,0,0,0,0,0,0,,
10210719-012,秋,Ｃｏｍｍｕｎｉｃａｔｉｖｅ　Ｅｎｇｌｉｓｈ　Ｓｋｉｌｌｓ　Ｄ　Ⅱ,0,0,0,0,0,0,,
10210719-013,秋,Ｃｏｍｍｕｎｉｃａｔｉｖｅ　Ｅｎｇｌｉｓｈ　Ｓｋｉｌｌｓ　Ｄ　Ⅱ,0,0,0,0,0,0,,
10210719-014,秋,Ｃｏｍｍｕｎｉｃａｔｉｖｅ　Ｅｎｇｌｉｓｈ　Ｓｋｉｌｌｓ　Ｄ　Ⅱ,0,0,0,0,0,0,,
10210719-015,秋,Ｃｏｍｍｕｎｉｃａｔｉｖｅ　Ｅｎｇｌｉｓｈ　Ｓｋｉｌｌｓ　Ｄ　Ⅱ,0,0,0,0,0,0,,
10210719-101,秋,Ｃｏｍｍｕｎｉｃａｔｉｖｅ　Ｅｎｇｌｉｓｈ　Ｓｋｉｌｌｓ　Ｄ　Ⅱ,17,11.8,41.2,5.9,11.8,29.4,0.0,1.9
10210720-001,春,Ｓｋｉｌｌｓ　ｉｎ　Ｅｎｇｌｉｓｈ（１）,0,0,0,0,0,0,,
10210720-002,秋,Ｓｋｉｌｌｓ　ｉｎ　Ｅｎｇｌｉｓｈ（１）,0,0,0,0,0,0,,
10210720-003,春,Ｓｋｉｌｌｓ　ｉｎ　Ｅｎｇｌｉｓｈ（１）,0,0,0,0,0,0,,
10210720-004,秋,Ｓｋｉｌｌｓ　ｉｎ　Ｅｎｇｌｉｓｈ（１）,0,0,0,0,0,0,,
10210720-005,春,Ｓｋｉｌｌｓ　ｉｎ　Ｅｎｇｌｉｓｈ（１）,0,0,0,0,0,0,,
10210720-006,秋,Ｓｋｉｌｌｓ　ｉｎ　Ｅｎｇｌｉｓｈ（１）,0,0,0,0,0,0,,
10210720-007,春,Ｓｋｉｌｌｓ　ｉｎ　Ｅｎｇｌｉｓｈ（１）,0,0,0,0,0,0,,
10210720-008,秋,Ｓｋｉｌｌｓ　ｉｎ　Ｅｎｇｌｉｓｈ（１）,0,0,0,0,0,0,,
10210720-009,春,Ｓｋｉｌｌｓ　ｉｎ　Ｅｎｇｌｉｓｈ（１）,0,0,0,0,0,0,,
10210720-010,秋,Ｓｋｉｌｌｓ　ｉｎ　Ｅｎｇｌｉｓｈ（１）,0,0,0,0,0,0,,
10210720-011,春,Ｓｋｉｌｌｓ　ｉｎ　Ｅｎｇｌｉｓｈ（１）,0,0,0,0,0,0,,
10210720-012,秋,Ｓｋｉｌｌｓ　ｉｎ　Ｅｎｇｌｉｓｈ（１）,0,0,0,0,0,0,,
10210720-013,春,Ｓｋｉｌｌｓ　ｉｎ　Ｅｎｇｌｉｓｈ（１）,0,0,0,0,0,0,,
10210720-014,秋,Ｓｋｉｌｌｓ　ｉｎ　Ｅｎｇｌｉｓｈ（１）,0,0,0,0,0,0,,
10210721-001,春,Ｓｋｉｌｌｓ　ｉｎ　Ｅｎｇｌｉｓｈ（２）,0,0,0,0,0,0,,
10210721-002,春,Ｓｋｉｌｌｓ　ｉｎ　Ｅｎｇｌｉｓｈ（２）,0,0,0,0,0,0,,
10210721-003,秋,Ｓｋｉｌｌｓ　ｉｎ　Ｅｎｇｌｉｓｈ（２）,0,0,0,0,0,0,,
10210721-004,秋,Ｓｋｉｌｌｓ　ｉｎ　Ｅｎｇｌｉｓｈ（２）,0,0,0,0,0,0,,
10210722-000,春,Ｓｋｉｌｌｓ　ｉｎ　Ｅｎｇｌｉｓｈ（３）,0,0,0,0,0,0,,
10210723-000,秋,Ｓｋｉｌｌｓ　ｉｎ　Ｅｎｇｌｉｓｈ（４）,0,0,0,0,0,0,,
10210729-000,秋,Ｓｋｉｌｌｓ　ｉｎ　Ｅｎｇｌｉｓｈ（１０）,0,0,0,0,0,0,,
10210732-001,春,Ｓｋｉｌｌｓ　ｉｎ　Ｅｎｇｌｉｓｈ（１３）,0,0,0,0,0,0,,
10210732-002,秋,Ｓｋｉｌｌｓ　ｉｎ　Ｅｎｇｌｉｓｈ（１３）,0,0,0,0,0,0,,
10210733-001,春,Ｓｋｉｌｌｓ　ｉｎ　Ｅｎｇｌｉｓｈ（１４）,0,0,0,0,0,0,,
10210733-002,秋,Ｓｋｉｌｌｓ　ｉｎ　Ｅｎｇｌｉｓｈ（１４）,24,25.0,20.8,33.3,0.0,20.8,0.0,2.3
10210733-003,秋,Ｓｋｉｌｌｓ　ｉｎ　Ｅｎｇｌｉｓｈ（１４）,0,0,0,0,0,0,,
10210739-000,春,Ｓｋｉｌｌｓ　ｉｎ　Ｅｎｇｌｉｓｈ（２０）,0,0,0,0,0,0,,
10210740-000,秋,Ｓｋｉｌｌｓ　ｉｎ　Ｅｎｇｌｉｓｈ（２１）,0,0,0,0,0,0,,
10210745-000,春,Ｓｋｉｌｌｓ　ｉｎ　Ｅｎｇｌｉｓｈ（２６）,0,0,0,0,0,0,,
10210746-000,秋,Ｓｋｉｌｌｓ　ｉｎ　Ｅｎｇｌｉｓｈ（２７）,0,0,0,0,0,0,,
10210747-000,春,Ｓｋｉｌｌｓ　ｉｎ　Ｅｎｇｌｉｓｈ（２８）,0,0,0,0,0,0,,
10210748-000,秋,Ｓｋｉｌｌｓ　ｉｎ　Ｅｎｇｌｉｓｈ（２９）,0,0,0,0,0,0,,
10210749-001,春,Ｓｋｉｌｌｓ　ｉｎ　Ｅｎｇｌｉｓｈ（３０）,0,0,0,0,0,0,,
10210749-002,秋,Ｓｋｉｌｌｓ　ｉｎ　Ｅｎｇｌｉｓｈ（３０）,0,0,0,0,0,0,,
10210752-001,春,Ｓｋｉｌｌｓ　ｉｎ　Ｅｎｇｌｉｓｈ（３３）,0,0,0,0,0,0,,
10210752-002,秋,Ｓｋｉｌｌｓ　ｉｎ　Ｅｎｇｌｉｓｈ（３３）,0,0,0,0,0,0,,
10210752-003,春,Ｓｋｉｌｌｓ　ｉｎ　Ｅｎｇｌｉｓｈ（３３）,0,0,0,0,0,0,,
10210752-004,秋,Ｓｋｉｌｌｓ　ｉｎ　Ｅｎｇｌｉｓｈ（３３）,0,0,0,0,0,0,,
10210752-007,秋,Ｓｋｉｌｌｓ　ｉｎ　Ｅｎｇｌｉｓｈ（３３）,0,0,0,0,0,0,,
10210756-001,春,Ｓｋｉｌｌｓ　ｉｎ　Ｅｎｇｌｉｓｈ（３７）,0,0,0,0,0,0,,
10210756-002,秋,Ｓｋｉｌｌｓ　ｉｎ　Ｅｎｇｌｉｓｈ（３７）,0,0,0,0,0,0,,
10210760-001,春,Ｓｋｉｌｌｓ　ｉｎ　Ｅｎｇｌｉｓｈ（４１）,0,0,0,0,0,0,,
10210760-002,春,Ｓｋｉｌｌｓ　ｉｎ　Ｅｎｇｌｉｓｈ（４１）,0,0,0,0,0,0,,
10210761-001,秋,Ｓｋｉｌｌｓ　ｉｎ　Ｅｎｇｌｉｓｈ（４２）,0,0,0,0,0,0,,
10210761-002,秋,Ｓｋｉｌｌｓ　ｉｎ　Ｅｎｇｌｉｓｈ（４２）,0,0,0,0,0,0,,
10210762-001,春,Ｓｋｉｌｌｓ　ｉｎ　Ｅｎｇｌｉｓｈ（４３）,0,0,0,0,0,0,,
10210762-002,春,Ｓｋｉｌｌｓ　ｉｎ　Ｅｎｇｌｉｓｈ（４３）,0,0,0,0,0,0,,
10210762-003,秋,Ｓｋｉｌｌｓ　ｉｎ　Ｅｎｇｌｉｓｈ（４３）,0,0,0,0,0,0,,
10210762-004,秋,Ｓｋｉｌｌｓ　ｉｎ　Ｅｎｇｌｉｓｈ（４３）,24,12.5,45.8,29.2,0.0,12.5,0.0,2.5
10210762-005,春,Ｓｋｉｌｌｓ　ｉｎ　Ｅｎｇｌｉｓｈ（４３）,0,0,0,0,0,0,,
10210766-000,秋,Ｓｋｉｌｌｓ　ｉｎ　Ｅｎｇｌｉｓｈ（４７）,0,0,0,0,0,0,,
10210767-000,春,Ｓｋｉｌｌｓ　ｉｎ　Ｅｎｇｌｉｓｈ（４８）,0,0,0,0,0,0,,
10210768-000,秋,Ｓｋｉｌｌｓ　ｉｎ　Ｅｎｇｌｉｓｈ（４９）,0,0,0,0,0,0,,
10210770-000,春,英米小説Ⅰ,135,26.7,23.7,17.0,16.3,16.3,0.0,2.3
10210771-000,秋,英米小説Ⅱ,214,21.5,43.9,13.1,6.5,15.0,0.0,2.5
10210772-000,春,英米劇Ⅰ,140,31.4,30.0,7.1,9.3,22.1,0.0,2.4
10210773-000,春,英米劇Ⅱ,248,19.0,21.8,10.5,10.5,38.3,0.0,1.7
10210774-000,秋,英米詩Ⅰ,0,0,0,0,0,0,,
10210783-000,秋,英米文学特論（８）,0,0,0,0,0,0,,
10210784-000,春,英米文学特論（９）,0,0,0,0,0,0,,
10210785-000,春,英米文学特論（１０）,0,0,0,0,0,0,,
10210787-000,春,英米文学特論（１２）,33,66.7,9.1,9.1,0.0,15.2,0.0,3.1
10210788-000,秋,英米文学特論（１３）,45,31.1,24.4,13.3,8.9,22.2,0.0,2.3
10210791-000,春,英米文学特論（１６）,0,0,0,0,0,0,,
10210793-000,秋,英米文学特論（１８）,0,0,0,0,0,0,,
10210796-000,春,英米文化Ⅰ,191,15.7,24.1,22.5,17.8,19.9,0.0,2.0
10210797-000,春,英米文化Ⅱ,126,50.8,19.0,10.3,7.9,11.9,0.0,2.9
10210798-000,春,英語文化特論（１）,0,0,0,0,0,0,,
10210799-000,秋,英語文化特論（２）,79,29.1,30.4,12.7,10.1,17.7,0.0,2.4
10210800-000,春,英語文化特論（３）,60,36.7,30.0,11.7,3.3,18.3,0.0,2.6
10210801-000,秋,英語文化特論（４）,0,0,0,0,0,0,,
10210803-000,秋,英語文化特論（６）,0,0,0,0,0,0,,
10210805-000,秋,英語文化特論（８）,93,17.2,10.8,19.4,9.7,43.0,0.0,1.5
10210808-000,秋,英語学Ⅰ,395,16.2,23.8,23.5,18.7,17.7,0.0,2.0
10210809-000,春,英語学Ⅱ,356,6.5,14.9,18.3,33.7,26.7,0.0,1.4
10210812-000,秋,英語教育特論（３）,0,0,0,0,0,0,,
10210813-000,秋,英語教育特論（４）,0,0,0,0,0,0,,
10210816-001,春,Ｃｏｍｍｕｎｉｃａｔｉｖｅ　Ｅｎｇｌｉｓｈ　Ｓｋｉｌｌｓ　Ｅ　Ⅰ,0,0,0,0,0,0,,
10210816-002,春,Ｃｏｍｍｕｎｉｃａｔｉｖｅ　Ｅｎｇｌｉｓｈ　Ｓｋｉｌｌｓ　Ｅ　Ⅰ,0,0,0,0,0,0,,
10210816-003,春,Ｃｏｍｍｕｎｉｃａｔｉｖｅ　Ｅｎｇｌｉｓｈ　Ｓｋｉｌｌｓ　Ｅ　Ⅰ,0,0,0,0,0,0,,
10210816-004,春,Ｃｏｍｍｕｎｉｃａｔｉｖｅ　Ｅｎｇｌｉｓｈ　Ｓｋｉｌｌｓ　Ｅ　Ⅰ,0,0,0,0,0,0,,
10210816-005,春,Ｃｏｍｍｕｎｉｃａｔｉｖｅ　Ｅｎｇｌｉｓｈ　Ｓｋｉｌｌｓ　Ｅ　Ⅰ,0,0,0,0,0,0,,
10210816-006,春,Ｃｏｍｍｕｎｉｃａｔｉｖｅ　Ｅｎｇｌｉｓｈ　Ｓｋｉｌｌｓ　Ｅ　Ⅰ,0,0,0,0,0,0,,
10210816-007,春,Ｃｏｍｍｕｎｉｃａｔｉｖｅ　Ｅｎｇｌｉｓｈ　Ｓｋｉｌｌｓ　Ｅ　Ⅰ,0,0,0,0,0,0,,
10210816-008,春,Ｃｏｍｍｕｎｉｃａｔｉｖｅ　Ｅｎｇｌｉｓｈ　Ｓｋｉｌｌｓ　Ｅ　Ⅰ,0,0,0,0,0,0,,
10210816-009,春,Ｃｏｍｍｕｎｉｃａｔｉｖｅ　Ｅｎｇｌｉｓｈ　Ｓｋｉｌｌｓ　Ｅ　Ⅰ,0,0,0,0,0,0,,
10210816-010,春,Ｃｏｍｍｕｎｉｃａｔｉｖｅ　Ｅｎｇｌｉｓｈ　Ｓｋｉｌｌｓ　Ｅ　Ⅰ,19,31.6,42.1,10.5,10.5,5.3,0.0,2.8
10210816-011,春,Ｃｏｍｍｕｎｉｃａｔｉｖｅ　Ｅｎｇｌｉｓｈ　Ｓｋｉｌｌｓ　Ｅ　Ⅰ,0,0,0,0,0,0,,
10210816-012,春,Ｃｏｍｍｕｎｉｃａｔｉｖｅ　Ｅｎｇｌｉｓｈ　Ｓｋｉｌｌｓ　Ｅ　Ⅰ,0,0,0,0,0,0,,
10210816-013,春,Ｃｏｍｍｕｎｉｃａｔｉｖｅ　Ｅｎｇｌｉｓｈ　Ｓｋｉｌｌｓ　Ｅ　Ⅰ,0,0,0,0,0,0,,
10210816-014,春,Ｃｏｍｍｕｎｉｃａｔｉｖｅ　Ｅｎｇｌｉｓｈ　Ｓｋｉｌｌｓ　Ｅ　Ⅰ,0,0,0,0,0,0,,
10210816-015,春,Ｃｏｍｍｕｎｉｃａｔｉｖｅ　Ｅｎｇｌｉｓｈ　Ｓｋｉｌｌｓ　Ｅ　Ⅰ,0,0,0,0,0,0,,
10210816-016,春,Ｃｏｍｍｕｎｉｃａｔｉｖｅ　Ｅｎｇｌｉｓｈ　Ｓｋｉｌｌｓ　Ｅ　Ⅰ,0,0,0,0,0,0,,
10210816-101,春,Ｃｏｍｍｕｎｉｃａｔｉｖｅ　Ｅｎｇｌｉｓｈ　Ｓｋｉｌｌｓ　Ｅ　Ⅰ,9,0,0,0,0,0,,
10210817-001,秋,Ｃｏｍｍｕｎｉｃａｔｉｖｅ　Ｅｎｇｌｉｓｈ　Ｓｋｉｌｌｓ　Ｅ　Ⅱ,0,0,0,0,0,0,,
10210817-002,秋,Ｃｏｍｍｕｎｉｃａｔｉｖｅ　Ｅｎｇｌｉｓｈ　Ｓｋｉｌｌｓ　Ｅ　Ⅱ,0,0,0,0,0,0,,
10210817-003,秋,Ｃｏｍｍｕｎｉｃａｔｉｖｅ　Ｅｎｇｌｉｓｈ　Ｓｋｉｌｌｓ　Ｅ　Ⅱ,0,0,0,0,0,0,,
10210817-004,秋,Ｃｏｍｍｕｎｉｃａｔｉｖｅ　Ｅｎｇｌｉｓｈ　Ｓｋｉｌｌｓ　Ｅ　Ⅱ,0,0,0,0,0,0,,
10210817-005,秋,Ｃｏｍｍｕｎｉｃａｔｉｖｅ　Ｅｎｇｌｉｓｈ　Ｓｋｉｌｌｓ　Ｅ　Ⅱ,0,0,0,0,0,0,,
10210817-006,秋,Ｃｏｍｍｕｎｉｃａｔｉｖｅ　Ｅｎｇｌｉｓｈ　Ｓｋｉｌｌｓ　Ｅ　Ⅱ,0,0,0,0,0,0,,
10210817-007,秋,Ｃｏｍｍｕｎｉｃａｔｉｖｅ　Ｅｎｇｌｉｓｈ　Ｓｋｉｌｌｓ　Ｅ　Ⅱ,0,0,0,0,0,0,,
10210817-008,秋,Ｃｏｍｍｕｎｉｃａｔｉｖｅ　Ｅｎｇｌｉｓｈ　Ｓｋｉｌｌｓ　Ｅ　Ⅱ,0,0,0,0,0,0,,
10210817-009,秋,Ｃｏｍｍｕｎｉｃａｔｉｖｅ　Ｅｎｇｌｉｓｈ　Ｓｋｉｌｌｓ　Ｅ　Ⅱ,0,0,0,0,0,0,,
10210817-010,秋,Ｃｏｍｍｕｎｉｃａｔｉｖｅ　Ｅｎｇｌｉｓｈ　Ｓｋｉｌｌｓ　Ｅ　Ⅱ,18,16.7,55.6,22.2,5.6,0.0,0.0,2.8
10210817-011,秋,Ｃｏｍｍｕｎｉｃａｔｉｖｅ　Ｅｎｇｌｉｓｈ　Ｓｋｉｌｌｓ　Ｅ　Ⅱ,0,0,0,0,0,0,,
10210817-012,秋,Ｃｏｍｍｕｎｉｃａｔｉｖｅ　Ｅｎｇｌｉｓｈ　Ｓｋｉｌｌｓ　Ｅ　Ⅱ,0,0,0,0,0,0,,
10210817-013,秋,Ｃｏｍｍｕｎｉｃａｔｉｖｅ　Ｅｎｇｌｉｓｈ　Ｓｋｉｌｌｓ　Ｅ　Ⅱ,0,0,0,0,0,0,,
10210817-014,秋,Ｃｏｍｍｕｎｉｃａｔｉｖｅ　Ｅｎｇｌｉｓｈ　Ｓｋｉｌｌｓ　Ｅ　Ⅱ,0,0,0,0,0,0,,
10210817-015,秋,Ｃｏｍｍｕｎｉｃａｔｉｖｅ　Ｅｎｇｌｉｓｈ　Ｓｋｉｌｌｓ　Ｅ　Ⅱ,0,0,0,0,0,0,,
10210817-016,秋,Ｃｏｍｍｕｎｉｃａｔｉｖｅ　Ｅｎｇｌｉｓｈ　Ｓｋｉｌｌｓ　Ｅ　Ⅱ,0,0,0,0,0,0,,
10210817-101,秋,Ｃｏｍｍｕｎｉｃａｔｉｖｅ　Ｅｎｇｌｉｓｈ　Ｓｋｉｌｌｓ　Ｅ　Ⅱ,13,7.7,23.1,38.5,7.7,23.1,0.0,1.8
10210818-001,春,Ｃｏｍｍｕｎｉｃａｔｉｖｅ　Ｅｎｇｌｉｓｈ　Ｓｋｉｌｌｓ　Ｆ　Ⅰ,0,0,0,0,0,0,,
10210818-002,春,Ｃｏｍｍｕｎｉｃａｔｉｖｅ　Ｅｎｇｌｉｓｈ　Ｓｋｉｌｌｓ　Ｆ　Ⅰ,0,0,0,0,0,0,,
10210818-003,春,Ｃｏｍｍｕｎｉｃａｔｉｖｅ　Ｅｎｇｌｉｓｈ　Ｓｋｉｌｌｓ　Ｆ　Ⅰ,0,0,0,0,0,0,,
10210818-004,春,Ｃｏｍｍｕｎｉｃａｔｉｖｅ　Ｅｎｇｌｉｓｈ　Ｓｋｉｌｌｓ　Ｆ　Ⅰ,0,0,0,0,0,0,,
10210818-005,春,Ｃｏｍｍｕｎｉｃａｔｉｖｅ　Ｅｎｇｌｉｓｈ　Ｓｋｉｌｌｓ　Ｆ　Ⅰ,0,0,0,0,0,0,,
10210818-006,春,Ｃｏｍｍｕｎｉｃａｔｉｖｅ　Ｅｎｇｌｉｓｈ　Ｓｋｉｌｌｓ　Ｆ　Ⅰ,0,0,0,0,0,0,,
10210818-007,春,Ｃｏｍｍｕｎｉｃａｔｉｖｅ　Ｅｎｇｌｉｓｈ　Ｓｋｉｌｌｓ　Ｆ　Ⅰ,0,0,0,0,0,0,,
10210818-008,春,Ｃｏｍｍｕｎｉｃａｔｉｖｅ　Ｅｎｇｌｉｓｈ　Ｓｋｉｌｌｓ　Ｆ　Ⅰ,0,0,0,0,0,0,,
10210818-009,春,Ｃｏｍｍｕｎｉｃａｔｉｖｅ　Ｅｎｇｌｉｓｈ　Ｓｋｉｌｌｓ　Ｆ　Ⅰ,0,0,0,0,0,0,,
10210818-010,春,Ｃｏｍｍｕｎｉｃａｔｉｖｅ　Ｅｎｇｌｉｓｈ　Ｓｋｉｌｌｓ　Ｆ　Ⅰ,0,0,0,0,0,0,,
10210818-011,春,Ｃｏｍｍｕｎｉｃａｔｉｖｅ　Ｅｎｇｌｉｓｈ　Ｓｋｉｌｌｓ　Ｆ　Ⅰ,0,0,0,0,0,0,,
10210818-012,春,Ｃｏｍｍｕｎｉｃａｔｉｖｅ　Ｅｎｇｌｉｓｈ　Ｓｋｉｌｌｓ　Ｆ　Ⅰ,0,0,0,0,0,0,,
10210818-013,春,Ｃｏｍｍｕｎｉｃａｔｉｖｅ　Ｅｎｇｌｉｓｈ　Ｓｋｉｌｌｓ　Ｆ　Ⅰ,0,0,0,0,0,0,,
10210818-014,春,Ｃｏｍｍｕｎｉｃａｔｉｖｅ　Ｅｎｇｌｉｓｈ　Ｓｋｉｌｌｓ　Ｆ　Ⅰ,0,0,0,0,0,0,,
10210818-015,春,Ｃｏｍｍｕｎｉｃａｔｉｖｅ　Ｅｎｇｌｉｓｈ　Ｓｋｉｌｌｓ　Ｆ　Ⅰ,0,0,0,0,0,0,,
10210818-016,春,Ｃｏｍｍｕｎｉｃａｔｉｖｅ　Ｅｎｇｌｉｓｈ　Ｓｋｉｌｌｓ　Ｆ　Ⅰ,0,0,0,0,0,0,,
10210818-101,春,Ｃｏｍｍｕｎｉｃａｔｉｖｅ　Ｅｎｇｌｉｓｈ　Ｓｋｉｌｌｓ　Ｆ　Ⅰ,10,30.0,10.0,10.0,10.0,40.0,0.0,1.8
10210819-001,秋,Ｃｏｍｍｕｎｉｃａｔｉｖｅ　Ｅｎｇｌｉｓｈ　Ｓｋｉｌｌｓ　Ｆ　Ⅱ,0,0,0,0,0,0,,
10210819-002,秋,Ｃｏｍｍｕｎｉｃａｔｉｖｅ　Ｅｎｇｌｉｓｈ　Ｓｋｉｌｌｓ　Ｆ　Ⅱ,0,0,0,0,0,0,,
10210819-003,秋,Ｃｏｍｍｕｎｉｃａｔｉｖｅ　Ｅｎｇｌｉｓｈ　Ｓｋｉｌｌｓ　Ｆ　Ⅱ,0,0,0,0,0,0,,
10210819-004,秋,Ｃｏｍｍｕｎｉｃａｔｉｖｅ　Ｅｎｇｌｉｓｈ　Ｓｋｉｌｌｓ　Ｆ　Ⅱ,0,0,0,0,0,0,,
10210819-005,秋,Ｃｏｍｍｕｎｉｃａｔｉｖｅ　Ｅｎｇｌｉｓｈ　Ｓｋｉｌｌｓ　Ｆ　Ⅱ,0,0,0,0,0,0,,
10210819-006,秋,Ｃｏｍｍｕｎｉｃａｔｉｖｅ　Ｅｎｇｌｉｓｈ　Ｓｋｉｌｌｓ　Ｆ　Ⅱ,0,0,0,0,0,0,,
10210819-007,秋,Ｃｏｍｍｕｎｉｃａｔｉｖｅ　Ｅｎｇｌｉｓｈ　Ｓｋｉｌｌｓ　Ｆ　Ⅱ,0,0,0,0,0,0,,
10210819-008,秋,Ｃｏｍｍｕｎｉｃａｔｉｖｅ　Ｅｎｇｌｉｓｈ　Ｓｋｉｌｌｓ　Ｆ　Ⅱ,0,0,0,0,0,0,,
10210819-009,秋,Ｃｏｍｍｕｎｉｃａｔｉｖｅ　Ｅｎｇｌｉｓｈ　Ｓｋｉｌｌｓ　Ｆ　Ⅱ,0,0,0,0,0,0,,
10210819-010,秋,Ｃｏｍｍｕｎｉｃａｔｉｖｅ　Ｅｎｇｌｉｓｈ　Ｓｋｉｌｌｓ　Ｆ　Ⅱ,0,0,0,0,0,0,,
10210819-011,秋,Ｃｏｍｍｕｎｉｃａｔｉｖｅ　Ｅｎｇｌｉｓｈ　Ｓｋｉｌｌｓ　Ｆ　Ⅱ,0,0,0,0,0,0,,
10210819-012,秋,Ｃｏｍｍｕｎｉｃａｔｉｖｅ　Ｅｎｇｌｉｓｈ　Ｓｋｉｌｌｓ　Ｆ　Ⅱ,0,0,0,0,0,0,,
10210819-013,秋,Ｃｏｍｍｕｎｉｃａｔｉｖｅ　Ｅｎｇｌｉｓｈ　Ｓｋｉｌｌｓ　Ｆ　Ⅱ,0,0,0,0,0,0,,
10210819-014,秋,Ｃｏｍｍｕｎｉｃａｔｉｖｅ　Ｅｎｇｌｉｓｈ　Ｓｋｉｌｌｓ　Ｆ　Ⅱ,0,0,0,0,0,0,,
10210819-015,秋,Ｃｏｍｍｕｎｉｃａｔｉｖｅ　Ｅｎｇｌｉｓｈ　Ｓｋｉｌｌｓ　Ｆ　Ⅱ,0,0,0,0,0,0,,
10210819-016,秋,Ｃｏｍｍｕｎｉｃａｔｉｖｅ　Ｅｎｇｌｉｓｈ　Ｓｋｉｌｌｓ　Ｆ　Ⅱ,0,0,0,0,0,0,,
10210819-101,秋,Ｃｏｍｍｕｎｉｃａｔｉｖｅ　Ｅｎｇｌｉｓｈ　Ｓｋｉｌｌｓ　Ｆ　Ⅱ,0,0,0,0,0,0,,
10210819-102,秋,Ｃｏｍｍｕｎｉｃａｔｉｖｅ　Ｅｎｇｌｉｓｈ　Ｓｋｉｌｌｓ　Ｆ　Ⅱ,0,0,0,0,0,0,,
10210820-001,春,Ｃｏｍｍｕｎｉｃａｔｉｖｅ　Ｅｎｇｌｉｓｈ　Ｓｋｉｌｌｓ　Ｇ　Ⅰ,17,5.9,23.5,47.1,5.9,17.6,0.0,1.9
10210820-003,春,Ｃｏｍｍｕｎｉｃａｔｉｖｅ　Ｅｎｇｌｉｓｈ　Ｓｋｉｌｌｓ　Ｇ　Ⅰ,0,0,0,0,0,0,,
10210821-001,秋,Ｃｏｍｍｕｎｉｃａｔｉｖｅ　Ｅｎｇｌｉｓｈ　Ｓｋｉｌｌｓ　Ｇ　Ⅱ,8,0,0,0,0,0,,
10210821-003,秋,Ｃｏｍｍｕｎｉｃａｔｉｖｅ　Ｅｎｇｌｉｓｈ　Ｓｋｉｌｌｓ　Ｇ　Ⅱ,0,0,0,0,0,0,,
10210822-000,秋,英文学史Ⅰ,392,29.8,23.2,13.8,13.5,19.6,0.0,2.3
10210823-000,春,英文学史Ⅱ,351,23.6,24.5,22.5,18.8,10.5,0.0,2.3
10210824-000,春,米文学史Ⅰ,280,19.3,21.4,20.7,27.9,10.7,0.0,2.1
10210825-000,秋,米文学史Ⅱ,207,18.4,19.8,21.3,23.2,17.4,0.0,2.0
10210826-000,春,英語圏文学（１）,70,34.3,34.3,10.0,4.3,17.1,0.0,2.6
10210828-000,秋,英語圏文学（３）,0,0,0,0,0,0,,
10210830-000,春,英語圏文学（５）,71,29.6,35.2,14.1,8.5,12.7,0.0,2.6
10210835-000,秋,キリスト教文学（２）,33,48.5,15.2,18.2,0.0,18.2,0.0,2.8
10210836-000,春,日英文化比較Ⅰ,72,8.3,13.9,22.2,16.7,38.9,0.0,1.4
10210837-000,秋,日英文化比較Ⅱ,46,19.6,45.7,13.0,4.3,17.4,0.0,2.5
10210838-000,春,言語学Ⅰ,87,1.1,13.8,37.9,37.9,9.2,0.0,1.6
10210839-000,秋,言語学Ⅱ,60,15.0,40.0,31.7,6.7,6.7,0.0,2.5
10210840-000,春,英語史Ⅰ,42,50.0,7.1,9.5,9.5,23.8,0.0,2.5
10210841-000,秋,英語史Ⅱ,31,77.4,6.5,0.0,0.0,16.1,0.0,3.3
10210842-000,春,英語音声学・音韻論Ⅰ,34,29.4,14.7,32.4,8.8,14.7,0.0,2.4
10210843-000,秋,英語音声学・音韻論Ⅱ,16,68.8,18.8,0.0,12.5,0.0,0.0,3.4
10210844-000,春,英語統語論Ⅰ,18,22.2,11.1,5.6,22.2,38.9,0.0,1.6
10210845-000,秋,英語統語論Ⅱ,9,0,0,0,0,0,,
10210846-000,春,英語意味論Ⅰ,25,40.0,28.0,16.0,4.0,12.0,0.0,2.8
10210847-000,秋,英語意味論Ⅱ,9,0,0,0,0,0,,
10210848-000,秋,日英語対照研究Ⅰ,57,14.0,22.8,29.8,15.8,17.5,0.0,2.0
10210858-000,秋,英語学特論（５）,9,0,0,0,0,0,,
10210862-000,秋,英語学特論（９）,0,0,0,0,0,0,,
10210866-001,通年,教育実習Ａ,0,0,0,0,0,0,,
10210867-001,通年,教育実習Ｂ,2,0,0,0,0,0,,
10210867-002,通年,教育実習Ｂ,2,0,0,0,0,0,,
10210867-003,通年,教育実習Ｂ,0,0,0,0,0,0,,
10210867-004,通年,教育実習Ｂ,1,0,0,0,0,0,,
10210867-005,通年,教育実習Ｂ,2,0,0,0,0,0,,
10210868-001,通年,教育実習Ｃ,8,0,0,0,0,0,,
10210868-002,通年,教育実習Ｃ,11,63.6,36.4,0.0,0.0,0.0,0.0,3.6
10210868-003,通年,教育実習Ｃ,13,76.9,15.4,7.7,0.0,0.0,0.0,3.7
10210868-004,通年,教育実習Ｃ,9,0,0,0,0,0,,
10210868-005,通年,教育実習Ｃ,10,90.0,10.0,0.0,0.0,0.0,0.0,3.9
10210871-001,通年,教育実習の研究,0,0,0,0,0,0,,
10210871-002,通年,教育実習の研究,0,0,0,0,0,0,,
10210871-003,通年,教育実習の研究,0,0,0,0,0,0,,
10210871-004,通年,教育実習の研究,0,0,0,0,0,0,,
10210871-005,通年,教育実習の研究,0,0,0,0,0,0,,
10210884-001,春,Ｌｉｓｔｅｎｉｎｇ　Ａ　Ⅰ,30,80.0,13.3,3.3,0.0,3.3,0.0,3.7
10210884-002,春,Ｌｉｓｔｅｎｉｎｇ　Ａ　Ⅰ,26,30.8,34.6,19.2,15.4,0.0,0.0,2.8
10210884-003,春,Ｌｉｓｔｅｎｉｎｇ　Ａ　Ⅰ,27,11.1,33.3,44.4,3.7,7.4,0.0,2.4
10210884-004,春,Ｌｉｓｔｅｎｉｎｇ　Ａ　Ⅰ,27,18.5,29.6,25.9,22.2,3.7,0.0,2.4
10210884-005,春,Ｌｉｓｔｅｎｉｎｇ　Ａ　Ⅰ,29,10.3,37.9,41.4,10.3,0.0,0.0,2.5
10210884-006,春,Ｌｉｓｔｅｎｉｎｇ　Ａ　Ⅰ,27,7.4,48.1,40.7,3.7,0.0,0.0,2.6
10210884-007,春,Ｌｉｓｔｅｎｉｎｇ　Ａ　Ⅰ,26,0.0,30.8,38.5,23.1,7.7,0.0,1.9
10210884-008,春,Ｌｉｓｔｅｎｉｎｇ　Ａ　Ⅰ,26,11.5,46.2,30.8,7.7,3.8,0.0,2.5
10210884-009,春,Ｌｉｓｔｅｎｉｎｇ　Ａ　Ⅰ,27,3.7,51.9,29.6,11.1,3.7,0.0,2.4
10210884-010,春,Ｌｉｓｔｅｎｉｎｇ　Ａ　Ⅰ,28,14.3,42.9,35.7,7.1,0.0,0.0,2.6
10210884-011,春,Ｌｉｓｔｅｎｉｎｇ　Ａ　Ⅰ,26,11.5,38.5,23.1,19.2,7.7,0.0,2.3
10210884-012,春,Ｌｉｓｔｅｎｉｎｇ　Ａ　Ⅰ,26,7.7,26.9,50.0,7.7,7.7,0.0,2.2
10210884-101,春,Ｌｉｓｔｅｎｉｎｇ　Ａ　Ⅰ,3,0,0,0,0,0,,
10210885-001,秋,Ｌｉｓｔｅｎｉｎｇ　Ａ　Ⅱ,30,50.0,40.0,0.0,0.0,10.0,0.0,3.2
10210885-002,秋,Ｌｉｓｔｅｎｉｎｇ　Ａ　Ⅱ,26,23.1,46.2,23.1,7.7,0.0,0.0,2.8
10210885-003,秋,Ｌｉｓｔｅｎｉｎｇ　Ａ　Ⅱ,26,7.7,46.2,30.8,7.7,7.7,0.0,2.4
10210885-004,秋,Ｌｉｓｔｅｎｉｎｇ　Ａ　Ⅱ,27,18.5,29.6,40.7,7.4,3.7,0.0,2.5
10210885-005,秋,Ｌｉｓｔｅｎｉｎｇ　Ａ　Ⅱ,29,10.3,44.8,37.9,3.4,3.4,0.0,2.6
10210885-006,秋,Ｌｉｓｔｅｎｉｎｇ　Ａ　Ⅱ,28,21.4,50.0,14.3,10.7,3.6,0.0,2.8
10210885-007,秋,Ｌｉｓｔｅｎｉｎｇ　Ａ　Ⅱ,26,3.8,34.6,42.3,7.7,11.5,0.0,2.1
10210885-008,秋,Ｌｉｓｔｅｎｉｎｇ　Ａ　Ⅱ,27,11.1,48.1,22.2,18.5,0.0,0.0,2.5
10210885-009,秋,Ｌｉｓｔｅｎｉｎｇ　Ａ　Ⅱ,28,21.4,32.1,28.6,10.7,7.1,0.0,2.5
10210885-010,秋,Ｌｉｓｔｅｎｉｎｇ　Ａ　Ⅱ,29,27.6,31.0,24.1,10.3,6.9,0.0,2.6
10210885-011,秋,Ｌｉｓｔｅｎｉｎｇ　Ａ　Ⅱ,27,11.1,29.6,44.4,7.4,7.4,0.0,2.3
10210885-012,秋,Ｌｉｓｔｅｎｉｎｇ　Ａ　Ⅱ,27,3.7,25.9,40.7,11.1,18.5,0.0,1.9
10210885-101,秋,Ｌｉｓｔｅｎｉｎｇ　Ａ　Ⅱ,9,0,0,0,0,0,,
10210886-001,春,Ｓｐｅａｋｉｎｇ　Ａ　Ⅰ,20,45.0,25.0,25.0,5.0,0.0,0.0,3.1
10210886-002,春,Ｓｐｅａｋｉｎｇ　Ａ　Ⅰ,20,70.0,25.0,0.0,0.0,5.0,0.0,3.6
10210886-003,春,Ｓｐｅａｋｉｎｇ　Ａ　Ⅰ,23,4.3,52.2,34.8,4.3,4.3,0.0,2.5
10210886-004,春,Ｓｐｅａｋｉｎｇ　Ａ　Ⅰ,22,18.2,31.8,27.3,18.2,4.5,0.0,2.4
10210886-005,春,Ｓｐｅａｋｉｎｇ　Ａ　Ⅰ,23,17.4,52.2,17.4,8.7,4.3,0.0,2.7
10210886-006,春,Ｓｐｅａｋｉｎｇ　Ａ　Ⅰ,20,20.0,35.0,35.0,5.0,5.0,0.0,2.6
10210886-007,春,Ｓｐｅａｋｉｎｇ　Ａ　Ⅰ,22,54.5,36.4,4.5,4.5,0.0,0.0,3.4
10210886-008,春,Ｓｐｅａｋｉｎｇ　Ａ　Ⅰ,22,36.4,59.1,0.0,4.5,0.0,0.0,3.3
10210886-009,春,Ｓｐｅａｋｉｎｇ　Ａ　Ⅰ,21,14.3,57.1,28.6,0.0,0.0,0.0,2.9
10210886-010,春,Ｓｐｅａｋｉｎｇ　Ａ　Ⅰ,22,13.6,31.8,50.0,0.0,4.5,0.0,2.5
10210886-011,春,Ｓｐｅａｋｉｎｇ　Ａ　Ⅰ,23,30.4,43.5,21.7,0.0,4.3,0.0,3.0
10210886-012,春,Ｓｐｅａｋｉｎｇ　Ａ　Ⅰ,22,13.6,45.5,36.4,4.5,0.0,0.0,2.7
10210886-013,春,Ｓｐｅａｋｉｎｇ　Ａ　Ⅰ,21,14.3,42.9,38.1,4.8,0.0,0.0,2.7
10210886-014,春,Ｓｐｅａｋｉｎｇ　Ａ　Ⅰ,22,45.5,40.9,13.6,0.0,0.0,0.0,3.3
10210886-015,春,Ｓｐｅａｋｉｎｇ　Ａ　Ⅰ,21,19.0,23.8,38.1,19.0,0.0,0.0,2.4
10210886-101,春,Ｓｐｅａｋｉｎｇ　Ａ　Ⅰ,3,0,0,0,0,0,,
10210887-001,秋,Ｓｐｅａｋｉｎｇ　Ａ　Ⅱ,20,25.0,50.0,15.0,0.0,10.0,0.0,2.8
10210887-002,秋,Ｓｐｅａｋｉｎｇ　Ａ　Ⅱ,20,80.0,15.0,0.0,0.0,5.0,0.0,3.7
10210887-003,秋,Ｓｐｅａｋｉｎｇ　Ａ　Ⅱ,23,13.0,47.8,26.1,4.3,8.7,0.0,2.5
10210887-004,秋,Ｓｐｅａｋｉｎｇ　Ａ　Ⅱ,22,22.7,54.5,13.6,0.0,9.1,0.0,2.8
10210887-005,秋,Ｓｐｅａｋｉｎｇ　Ａ　Ⅱ,21,14.3,57.1,23.8,0.0,4.8,0.0,2.8
10210887-006,秋,Ｓｐｅａｋｉｎｇ　Ａ　Ⅱ,21,9.5,33.3,47.6,4.8,4.8,0.0,2.4
10210887-007,秋,Ｓｐｅａｋｉｎｇ　Ａ　Ⅱ,23,52.2,26.1,8.7,0.0,13.0,0.0,3.0
10210887-008,秋,Ｓｐｅａｋｉｎｇ　Ａ　Ⅱ,21,57.1,38.1,4.8,0.0,0.0,0.0,3.5
10210887-009,秋,Ｓｐｅａｋｉｎｇ　Ａ　Ⅱ,21,19.0,52.4,28.6,0.0,0.0,0.0,2.9
10210887-010,秋,Ｓｐｅａｋｉｎｇ　Ａ　Ⅱ,21,19.0,38.1,38.1,0.0,4.8,0.0,2.7
10210887-011,秋,Ｓｐｅａｋｉｎｇ　Ａ　Ⅱ,24,45.8,29.2,12.5,0.0,12.5,0.0,3.0
10210887-012,秋,Ｓｐｅａｋｉｎｇ　Ａ　Ⅱ,21,14.3,42.9,38.1,0.0,4.8,0.0,2.6
10210887-013,秋,Ｓｐｅａｋｉｎｇ　Ａ　Ⅱ,23,17.4,43.5,34.8,0.0,4.3,0.0,2.7
10210887-014,秋,Ｓｐｅａｋｉｎｇ　Ａ　Ⅱ,21,52.4,28.6,19.0,0.0,0.0,0.0,3.3
10210887-015,秋,Ｓｐｅａｋｉｎｇ　Ａ　Ⅱ,22,31.8,31.8,18.2,13.6,4.5,0.0,2.7
10210887-101,秋,Ｓｐｅａｋｉｎｇ　Ａ　Ⅱ,6,0,0,0,0,0,,
10210888-001,春,Ｒｅａｄｉｎｇ　Ａ　Ⅰ,28,32.1,50.0,7.1,3.6,7.1,0.0,3.0
10210888-002,春,Ｒｅａｄｉｎｇ　Ａ　Ⅰ,27,48.1,25.9,18.5,7.4,0.0,0.0,3.1
10210888-003,春,Ｒｅａｄｉｎｇ　Ａ　Ⅰ,29,17.2,27.6,34.5,13.8,6.9,0.0,2.3
10210888-004,春,Ｒｅａｄｉｎｇ　Ａ　Ⅰ,28,28.6,39.3,25.0,0.0,7.1,0.0,2.8
10210888-005,春,Ｒｅａｄｉｎｇ　Ａ　Ⅰ,28,28.6,42.9,25.0,3.6,0.0,0.0,3.0
10210888-006,春,Ｒｅａｄｉｎｇ　Ａ　Ⅰ,27,11.1,51.9,33.3,0.0,3.7,0.0,2.7
10210888-007,春,Ｒｅａｄｉｎｇ　Ａ　Ⅰ,30,10.0,46.7,30.0,3.3,10.0,0.0,2.4
10210888-008,春,Ｒｅａｄｉｎｇ　Ａ　Ⅰ,27,33.3,37.0,22.2,3.7,3.7,0.0,2.9
10210888-009,春,Ｒｅａｄｉｎｇ　Ａ　Ⅰ,28,28.6,28.6,17.9,14.3,10.7,0.0,2.5
10210888-010,春,Ｒｅａｄｉｎｇ　Ａ　Ⅰ,25,20.0,40.0,20.0,12.0,8.0,0.0,2.5
10210888-011,春,Ｒｅａｄｉｎｇ　Ａ　Ⅰ,29,24.1,34.5,20.7,3.4,17.2,0.0,2.4
10210888-012,春,Ｒｅａｄｉｎｇ　Ａ　Ⅰ,25,24.0,52.0,20.0,4.0,0.0,0.0,3.0
10210888-101,春,Ｒｅａｄｉｎｇ　Ａ　Ⅰ,15,0.0,33.3,26.7,33.3,6.7,0.0,1.9
10210889-001,秋,Ｒｅａｄｉｎｇ　Ａ　Ⅱ,28,32.1,50.0,10.7,3.6,3.6,0.0,3.0
10210889-002,秋,Ｒｅａｄｉｎｇ　Ａ　Ⅱ,30,40.0,33.3,13.3,6.7,6.7,0.0,2.9
10210889-003,秋,Ｒｅａｄｉｎｇ　Ａ　Ⅱ,31,19.4,25.8,19.4,16.1,19.4,0.0,2.1
10210889-004,秋,Ｒｅａｄｉｎｇ　Ａ　Ⅱ,29,20.7,37.9,17.2,6.9,17.2,0.0,2.4
10210889-005,秋,Ｒｅａｄｉｎｇ　Ａ　Ⅱ,27,33.3,37.0,14.8,11.1,3.7,0.0,2.9
10210889-006,秋,Ｒｅａｄｉｎｇ　Ａ　Ⅱ,26,7.7,61.5,26.9,3.8,0.0,0.0,2.7
10210889-007,秋,Ｒｅａｄｉｎｇ　Ａ　Ⅱ,30,13.3,30.0,40.0,10.0,6.7,0.0,2.3
10210889-008,秋,Ｒｅａｄｉｎｇ　Ａ　Ⅱ,28,28.6,17.9,42.9,7.1,3.6,0.0,2.6
10210889-009,秋,Ｒｅａｄｉｎｇ　Ａ　Ⅱ,28,17.9,46.4,17.9,3.6,14.3,0.0,2.5
10210889-010,秋,Ｒｅａｄｉｎｇ　Ａ　Ⅱ,25,16.0,52.0,16.0,4.0,12.0,0.0,2.6
10210889-011,秋,Ｒｅａｄｉｎｇ　Ａ　Ⅱ,25,32.0,40.0,24.0,0.0,4.0,0.0,3.0
10210889-012,秋,Ｒｅａｄｉｎｇ　Ａ　Ⅱ,28,17.9,50.0,21.4,7.1,3.6,0.0,2.7
10210889-101,秋,Ｒｅａｄｉｎｇ　Ａ　Ⅱ,16,0.0,6.3,25.0,25.0,43.8,0.0,0.9
10210890-001,春,Ｗｒｉｔｉｎｇ　Ａ　Ⅰ,24,33.3,29.2,20.8,0.0,16.7,0.0,2.6
10210890-002,春,Ｗｒｉｔｉｎｇ　Ａ　Ⅰ,23,13.0,43.5,39.1,4.3,0.0,0.0,2.7
10210890-003,春,Ｗｒｉｔｉｎｇ　Ａ　Ⅰ,21,9.5,38.1,47.6,4.8,0.0,0.0,2.5
10210890-004,春,Ｗｒｉｔｉｎｇ　Ａ　Ⅰ,22,0.0,9.1,50.0,13.6,27.3,0.0,1.4
10210890-005,春,Ｗｒｉｔｉｎｇ　Ａ　Ⅰ,22,9.1,54.5,36.4,0.0,0.0,0.0,2.7
10210890-006,春,Ｗｒｉｔｉｎｇ　Ａ　Ⅰ,21,4.8,47.6,42.9,4.8,0.0,0.0,2.5
10210890-007,春,Ｗｒｉｔｉｎｇ　Ａ　Ⅰ,21,9.5,61.9,19.0,4.8,4.8,0.0,2.7
10210890-008,春,Ｗｒｉｔｉｎｇ　Ａ　Ⅰ,21,9.5,33.3,52.4,4.8,0.0,0.0,2.5
10210890-009,春,Ｗｒｉｔｉｎｇ　Ａ　Ⅰ,22,18.2,36.4,18.2,13.6,13.6,0.0,2.3
10210890-010,春,Ｗｒｉｔｉｎｇ　Ａ　Ⅰ,21,14.3,76.2,4.8,0.0,4.8,0.0,3.0
10210890-011,春,Ｗｒｉｔｉｎｇ　Ａ　Ⅰ,21,19.0,47.6,14.3,14.3,4.8,0.0,2.6
10210890-012,春,Ｗｒｉｔｉｎｇ　Ａ　Ⅰ,22,4.5,86.4,4.5,0.0,4.5,0.0,2.9
10210890-013,春,Ｗｒｉｔｉｎｇ　Ａ　Ⅰ,22,13.6,59.1,13.6,4.5,9.1,0.0,2.6
10210890-014,春,Ｗｒｉｔｉｎｇ　Ａ　Ⅰ,23,21.7,26.1,43.5,0.0,8.7,0.0,2.5
10210890-015,春,Ｗｒｉｔｉｎｇ　Ａ　Ⅰ,21,4.8,9.5,57.1,28.6,0.0,0.0,1.9
10210890-101,春,Ｗｒｉｔｉｎｇ　Ａ　Ⅰ,8,0,0,0,0,0,,
10210891-001,秋,Ｗｒｉｔｉｎｇ　Ａ　Ⅱ,22,27.3,27.3,27.3,4.5,13.6,0.0,2.5
10210891-002,秋,Ｗｒｉｔｉｎｇ　Ａ　Ⅱ,23,17.4,39.1,26.1,13.0,4.3,0.0,2.5
10210891-003,秋,Ｗｒｉｔｉｎｇ　Ａ　Ⅱ,23,8.7,39.1,21.7,17.4,13.0,0.0,2.1
10210891-004,秋,Ｗｒｉｔｉｎｇ　Ａ　Ⅱ,21,23.8,19.0,23.8,9.5,23.8,0.0,2.1
10210891-005,秋,Ｗｒｉｔｉｎｇ　Ａ　Ⅱ,22,9.1,50.0,22.7,9.1,9.1,0.0,2.4
10210891-006,秋,Ｗｒｉｔｉｎｇ　Ａ　Ⅱ,24,4.2,29.2,37.5,25.0,4.2,0.0,2.0
10210891-007,秋,Ｗｒｉｔｉｎｇ　Ａ　Ⅱ,22,4.5,45.5,31.8,13.6,4.5,0.0,2.3
10210891-008,秋,Ｗｒｉｔｉｎｇ　Ａ　Ⅱ,22,18.2,40.9,18.2,9.1,13.6,0.0,2.4
10210891-009,秋,Ｗｒｉｔｉｎｇ　Ａ　Ⅱ,21,4.8,47.6,33.3,4.8,9.5,0.0,2.3
10210891-010,秋,Ｗｒｉｔｉｎｇ　Ａ　Ⅱ,23,4.3,47.8,30.4,13.0,4.3,0.0,2.3
10210891-011,秋,Ｗｒｉｔｉｎｇ　Ａ　Ⅱ,22,22.7,31.8,13.6,18.2,13.6,0.0,2.3
10210891-012,秋,Ｗｒｉｔｉｎｇ　Ａ　Ⅱ,24,4.2,50.0,25.0,12.5,8.3,0.0,2.3
10210891-013,秋,Ｗｒｉｔｉｎｇ　Ａ　Ⅱ,22,9.1,59.1,18.2,0.0,13.6,0.0,2.5
10210891-014,秋,Ｗｒｉｔｉｎｇ　Ａ　Ⅱ,21,14.3,52.4,28.6,4.8,0.0,0.0,2.8
10210891-015,秋,Ｗｒｉｔｉｎｇ　Ａ　Ⅱ,22,27.3,36.4,27.3,4.5,4.5,0.0,2.8
10210891-101,秋,Ｗｒｉｔｉｎｇ　Ａ　Ⅱ,17,11.8,41.2,5.9,11.8,29.4,0.0,1.9
10210892-001,春,Ｏｒａｌ　Ｃｏｍｍｕｎｉｃａｔｉｏｎ　Ⅰ,19,31.6,68.4,0.0,0.0,0.0,0.0,3.3
10210892-002,春,Ｏｒａｌ　Ｃｏｍｍｕｎｉｃａｔｉｏｎ　Ⅰ,20,50.0,25.0,15.0,10.0,0.0,0.0,3.2
10210892-003,春,Ｏｒａｌ　Ｃｏｍｍｕｎｉｃａｔｉｏｎ　Ⅰ,20,40.0,55.0,0.0,0.0,5.0,0.0,3.3
10210892-004,春,Ｏｒａｌ　Ｃｏｍｍｕｎｉｃａｔｉｏｎ　Ⅰ,19,36.8,57.9,0.0,0.0,5.3,0.0,3.2
10210892-005,春,Ｏｒａｌ　Ｃｏｍｍｕｎｉｃａｔｉｏｎ　Ⅰ,17,5.9,47.1,41.2,0.0,5.9,0.0,2.5
10210892-006,春,Ｏｒａｌ　Ｃｏｍｍｕｎｉｃａｔｉｏｎ　Ⅰ,19,52.6,15.8,5.3,26.3,0.0,0.0,2.9
10210892-007,春,Ｏｒａｌ　Ｃｏｍｍｕｎｉｃａｔｉｏｎ　Ⅰ,17,52.9,41.2,5.9,0.0,0.0,0.0,3.5
10210892-008,春,Ｏｒａｌ　Ｃｏｍｍｕｎｉｃａｔｉｏｎ　Ⅰ,19,15.8,36.8,36.8,10.5,0.0,0.0,2.6
10210892-009,春,Ｏｒａｌ　Ｃｏｍｍｕｎｉｃａｔｉｏｎ　Ⅰ,19,21.1,36.8,31.6,5.3,5.3,0.0,2.6
10210892-010,春,Ｏｒａｌ　Ｃｏｍｍｕｎｉｃａｔｉｏｎ　Ⅰ,19,31.6,42.1,10.5,10.5,5.3,0.0,2.8
10210892-011,春,Ｏｒａｌ　Ｃｏｍｍｕｎｉｃａｔｉｏｎ　Ⅰ,19,26.3,21.1,26.3,26.3,0.0,0.0,2.5
10210892-012,春,Ｏｒａｌ　Ｃｏｍｍｕｎｉｃａｔｉｏｎ　Ⅰ,18,11.1,77.8,5.6,0.0,5.6,0.0,2.9
10210892-013,春,Ｏｒａｌ　Ｃｏｍｍｕｎｉｃａｔｉｏｎ　Ⅰ,19,21.1,68.4,5.3,0.0,5.3,0.0,3.0
10210892-014,春,Ｏｒａｌ　Ｃｏｍｍｕｎｉｃａｔｉｏｎ　Ⅰ,17,17.6,70.6,11.8,0.0,0.0,0.0,3.1
10210892-015,春,Ｏｒａｌ　Ｃｏｍｍｕｎｉｃａｔｉｏｎ　Ⅰ,19,10.5,73.7,10.5,0.0,5.3,0.0,2.8
10210892-016,春,Ｏｒａｌ　Ｃｏｍｍｕｎｉｃａｔｉｏｎ　Ⅰ,18,16.7,27.8,50.0,5.6,0.0,0.0,2.6
10210892-101,春,Ｏｒａｌ　Ｃｏｍｍｕｎｉｃａｔｉｏｎ　Ⅰ,9,0,0,0,0,0,,
10210893-001,秋,Ｏｒａｌ　Ｃｏｍｍｕｎｉｃａｔｉｏｎ　Ⅱ,14,35.7,35.7,28.6,0.0,0.0,0.0,3.1
10210893-002,秋,Ｏｒａｌ　Ｃｏｍｍｕｎｉｃａｔｉｏｎ　Ⅱ,18,44.4,27.8,11.1,11.1,5.6,0.0,2.9
10210893-003,秋,Ｏｒａｌ　Ｃｏｍｍｕｎｉｃａｔｉｏｎ　Ⅱ,21,57.1,33.3,4.8,0.0,4.8,0.0,3.4
10210893-004,秋,Ｏｒａｌ　Ｃｏｍｍｕｎｉｃａｔｉｏｎ　Ⅱ,21,28.6,47.6,19.0,0.0,4.8,0.0,3.0
10210893-005,秋,Ｏｒａｌ　Ｃｏｍｍｕｎｉｃａｔｉｏｎ　Ⅱ,15,33.3,53.3,13.3,0.0,0.0,0.0,3.2
10210893-006,秋,Ｏｒａｌ　Ｃｏｍｍｕｎｉｃａｔｉｏｎ　Ⅱ,17,29.4,35.3,17.6,5.9,11.8,0.0,2.6
10210893-007,秋,Ｏｒａｌ　Ｃｏｍｍｕｎｉｃａｔｉｏｎ　Ⅱ,13,61.5,38.5,0.0,0.0,0.0,0.0,3.6
10210893-008,秋,Ｏｒａｌ　Ｃｏｍｍｕｎｉｃａｔｉｏｎ　Ⅱ,15,13.3,46.7,40.0,0.0,0.0,0.0,2.7
10210893-009,秋,Ｏｒａｌ　Ｃｏｍｍｕｎｉｃａｔｉｏｎ　Ⅱ,13,15.4,30.8,30.8,0.0,23.1,0.0,2.2
10210893-010,秋,Ｏｒａｌ　Ｃｏｍｍｕｎｉｃａｔｉｏｎ　Ⅱ,18,16.7,55.6,22.2,5.6,0.0,0.0,2.8
10210893-011,秋,Ｏｒａｌ　Ｃｏｍｍｕｎｉｃａｔｉｏｎ　Ⅱ,21,19.0,33.3,19.0,28.6,0.0,0.0,2.4
10210893-012,秋,Ｏｒａｌ　Ｃｏｍｍｕｎｉｃａｔｉｏｎ　Ⅱ,15,26.7,46.7,20.0,0.0,6.7,0.0,2.9
10210893-013,秋,Ｏｒａｌ　Ｃｏｍｍｕｎｉｃａｔｉｏｎ　Ⅱ,17,23.5,47.1,29.4,0.0,0.0,0.0,2.9
10210893-014,秋,Ｏｒａｌ　Ｃｏｍｍｕｎｉｃａｔｉｏｎ　Ⅱ,16,25.0,56.3,18.8,0.0,0.0,0.0,3.1
10210893-015,秋,Ｏｒａｌ　Ｃｏｍｍｕｎｉｃａｔｉｏｎ　Ⅱ,18,16.7,44.4,22.2,5.6,11.1,0.0,2.5
10210893-016,秋,Ｏｒａｌ　Ｃｏｍｍｕｎｉｃａｔｉｏｎ　Ⅱ,20,20.0,60.0,15.0,0.0,5.0,0.0,2.9
10210893-101,秋,Ｏｒａｌ　Ｃｏｍｍｕｎｉｃａｔｉｏｎ　Ⅱ,13,7.7,23.1,38.5,7.7,23.1,0.0,1.8
10210894-001,春,Ｒｅａｄｉｎｇ　Ｂ　Ⅰ,23,4.3,43.5,21.7,30.4,0.0,0.0,2.2
10210894-002,春,Ｒｅａｄｉｎｇ　Ｂ　Ⅰ,21,4.8,33.3,38.1,14.3,9.5,0.0,2.1
10210894-003,春,Ｒｅａｄｉｎｇ　Ｂ　Ⅰ,23,8.7,34.8,13.0,30.4,13.0,0.0,2.0
10210894-004,春,Ｒｅａｄｉｎｇ　Ｂ　Ⅰ,25,4.0,60.0,24.0,4.0,8.0,0.0,2.5
10210894-005,春,Ｒｅａｄｉｎｇ　Ｂ　Ⅰ,23,0.0,21.7,47.8,26.1,4.3,0.0,1.9
10210894-006,春,Ｒｅａｄｉｎｇ　Ｂ　Ⅰ,21,9.5,19.0,42.9,14.3,14.3,0.0,2.0
10210894-007,春,Ｒｅａｄｉｎｇ　Ｂ　Ⅰ,23,8.7,52.2,34.8,0.0,4.3,0.0,2.6
10210894-008,春,Ｒｅａｄｉｎｇ　Ｂ　Ⅰ,21,14.3,33.3,28.6,23.8,0.0,0.0,2.4
10210894-009,春,Ｒｅａｄｉｎｇ　Ｂ　Ⅰ,22,9.1,31.8,31.8,27.3,0.0,0.0,2.2
10210894-010,春,Ｒｅａｄｉｎｇ　Ｂ　Ⅰ,17,5.9,41.2,17.6,17.6,17.6,0.0,2.0
10210894-011,春,Ｒｅａｄｉｎｇ　Ｂ　Ⅰ,22,4.5,27.3,50.0,13.6,4.5,0.0,2.1
10210894-012,春,Ｒｅａｄｉｎｇ　Ｂ　Ⅰ,21,0.0,38.1,33.3,23.8,4.8,0.0,2.0
10210894-013,春,Ｒｅａｄｉｎｇ　Ｂ　Ⅰ,22,0.0,45.5,18.2,27.3,9.1,0.0,2.0
10210894-014,春,Ｒｅａｄｉｎｇ　Ｂ　Ⅰ,23,0.0,60.9,13.0,13.0,13.0,0.0,2.2
10210894-101,春,Ｒｅａｄｉｎｇ　Ｂ　Ⅰ,9,0,0,0,0,0,,
10210895-001,秋,Ｒｅａｄｉｎｇ　Ｂ　Ⅱ,23,8.7,26.1,47.8,8.7,8.7,0.0,2.2
10210895-002,秋,Ｒｅａｄｉｎｇ　Ｂ　Ⅱ,18,16.7,38.9,22.2,11.1,11.1,0.0,2.4
10210895-003,秋,Ｒｅａｄｉｎｇ　Ｂ　Ⅱ,20,15.0,35.0,25.0,5.0,20.0,0.0,2.2
10210895-004,秋,Ｒｅａｄｉｎｇ　Ｂ　Ⅱ,20,10.0,45.0,35.0,5.0,5.0,0.0,2.5
10210895-005,秋,Ｒｅａｄｉｎｇ　Ｂ　Ⅱ,23,8.7,47.8,17.4,17.4,8.7,0.0,2.3
10210895-006,秋,Ｒｅａｄｉｎｇ　Ｂ　Ⅱ,18,11.1,38.9,16.7,16.7,16.7,0.0,2.1
10210895-007,秋,Ｒｅａｄｉｎｇ　Ｂ　Ⅱ,21,9.5,42.9,28.6,14.3,4.8,0.0,2.4
10210895-008,秋,Ｒｅａｄｉｎｇ　Ｂ　Ⅱ,15,6.7,46.7,20.0,20.0,6.7,0.0,2.3
10210895-009,秋,Ｒｅａｄｉｎｇ　Ｂ　Ⅱ,16,25.0,12.5,43.8,18.8,0.0,0.0,2.4
10210895-010,秋,Ｒｅａｄｉｎｇ　Ｂ　Ⅱ,19,5.3,42.1,15.8,5.3,31.6,0.0,1.8
10210895-011,秋,Ｒｅａｄｉｎｇ　Ｂ　Ⅱ,18,5.6,50.0,16.7,16.7,11.1,0.0,2.2
10210895-012,秋,Ｒｅａｄｉｎｇ　Ｂ　Ⅱ,22,4.5,68.2,0.0,22.7,4.5,0.0,2.5
10210895-013,秋,Ｒｅａｄｉｎｇ　Ｂ　Ⅱ,17,5.9,35.3,23.5,17.6,17.6,0.0,1.9
10210895-014,秋,Ｒｅａｄｉｎｇ　Ｂ　Ⅱ,23,21.7,34.8,26.1,13.0,4.3,0.0,2.6
10210895-101,秋,Ｒｅａｄｉｎｇ　Ｂ　Ⅱ,20,15.0,20.0,25.0,15.0,25.0,0.0,1.9
10210896-001,春,Ｗｒｉｔｉｎｇ　Ｂ　Ⅰ,20,20.0,50.0,15.0,0.0,15.0,0.0,2.6
10210896-002,春,Ｗｒｉｔｉｎｇ　Ｂ　Ⅰ,19,15.8,36.8,31.6,5.3,10.5,0.0,2.4
10210896-003,春,Ｗｒｉｔｉｎｇ　Ｂ　Ⅰ,14,7.1,35.7,35.7,7.1,14.3,0.0,2.1
10210896-004,春,Ｗｒｉｔｉｎｇ　Ｂ　Ⅰ,19,15.8,47.4,21.1,15.8,0.0,0.0,2.6
10210896-005,春,Ｗｒｉｔｉｎｇ　Ｂ　Ⅰ,19,15.8,42.1,31.6,5.3,5.3,0.0,2.6
10210896-006,春,Ｗｒｉｔｉｎｇ　Ｂ　Ⅰ,19,15.8,73.7,5.3,0.0,5.3,0.0,2.9
10210896-007,春,Ｗｒｉｔｉｎｇ　Ｂ　Ⅰ,20,15.0,65.0,20.0,0.0,0.0,0.0,3.0
10210896-008,春,Ｗｒｉｔｉｎｇ　Ｂ　Ⅰ,20,25.0,65.0,10.0,0.0,0.0,0.0,3.2
10210896-009,春,Ｗｒｉｔｉｎｇ　Ｂ　Ⅰ,19,21.1,47.4,21.1,10.5,0.0,0.0,2.8
10210896-010,春,Ｗｒｉｔｉｎｇ　Ｂ　Ⅰ,20,25.0,45.0,15.0,0.0,15.0,0.0,2.7
10210896-011,春,Ｗｒｉｔｉｎｇ　Ｂ　Ⅰ,18,11.1,61.1,27.8,0.0,0.0,0.0,2.8
10210896-012,春,Ｗｒｉｔｉｎｇ　Ｂ　Ⅰ,20,20.0,50.0,30.0,0.0,0.0,0.0,2.9
10210896-013,春,Ｗｒｉｔｉｎｇ　Ｂ　Ⅰ,20,5.0,55.0,25.0,10.0,5.0,0.0,2.5
10210896-014,春,Ｗｒｉｔｉｎｇ　Ｂ　Ⅰ,21,14.3,42.9,28.6,4.8,9.5,0.0,2.5
10210896-015,春,Ｗｒｉｔｉｎｇ　Ｂ　Ⅰ,17,17.6,29.4,35.3,17.6,0.0,0.0,2.5
10210896-016,春,Ｗｒｉｔｉｎｇ　Ｂ　Ⅰ,19,10.5,36.8,26.3,21.1,5.3,0.0,2.3
10210896-101,春,Ｗｒｉｔｉｎｇ　Ｂ　Ⅰ,10,30.0,10.0,10.0,10.0,40.0,0.0,1.8
10210897-001,秋,Ｗｒｉｔｉｎｇ　Ｂ　Ⅱ,17,11.8,35.3,23.5,17.6,11.8,0.0,2.2
10210897-002,秋,Ｗｒｉｔｉｎｇ　Ｂ　Ⅱ,16,18.8,37.5,31.3,6.3,6.3,0.0,2.6
10210897-003,秋,Ｗｒｉｔｉｎｇ　Ｂ　Ⅱ,14,21.4,42.9,35.7,0.0,0.0,0.0,2.9
10210897-004,秋,Ｗｒｉｔｉｎｇ　Ｂ　Ⅱ,16,6.3,6.3,25.0,37.5,25.0,0.0,1.3
10210897-005,秋,Ｗｒｉｔｉｎｇ　Ｂ　Ⅱ,16,50.0,31.3,18.8,0.0,0.0,0.0,3.3
10210897-006,秋,Ｗｒｉｔｉｎｇ　Ｂ　Ⅱ,17,64.7,23.5,5.9,0.0,5.9,0.0,3.4
10210897-007,秋,Ｗｒｉｔｉｎｇ　Ｂ　Ⅱ,19,36.8,57.9,5.3,0.0,0.0,0.0,3.3
10210897-008,秋,Ｗｒｉｔｉｎｇ　Ｂ　Ⅱ,17,23.5,47.1,29.4,0.0,0.0,0.0,2.9
10210897-009,秋,Ｗｒｉｔｉｎｇ　Ｂ　Ⅱ,14,28.6,35.7,35.7,0.0,0.0,0.0,2.9
10210897-010,秋,Ｗｒｉｔｉｎｇ　Ｂ　Ⅱ,17,23.5,47.1,17.6,0.0,11.8,0.0,2.7
10210897-011,秋,Ｗｒｉｔｉｎｇ　Ｂ　Ⅱ,15,13.3,46.7,26.7,0.0,13.3,0.0,2.5
10210897-012,秋,Ｗｒｉｔｉｎｇ　Ｂ　Ⅱ,17,11.8,52.9,17.6,0.0,17.6,0.0,2.4
10210897-013,秋,Ｗｒｉｔｉｎｇ　Ｂ　Ⅱ,18,5.6,38.9,44.4,11.1,0.0,0.0,2.4
10210897-014,秋,Ｗｒｉｔｉｎｇ　Ｂ　Ⅱ,18,11.1,33.3,27.8,22.2,5.6,0.0,2.2
10210897-015,秋,Ｗｒｉｔｉｎｇ　Ｂ　Ⅱ,15,26.7,46.7,6.7,20.0,0.0,0.0,2.8
10210897-016,秋,Ｗｒｉｔｉｎｇ　Ｂ　Ⅱ,17,17.6,47.1,23.5,5.9,5.9,0.0,2.6
10210897-101,秋,Ｗｒｉｔｉｎｇ　Ｂ　Ⅱ,18,38.9,27.8,11.1,5.6,16.7,0.0,2.7
10210897-102,秋,Ｗｒｉｔｉｎｇ　Ｂ　Ⅱ,10,20.0,30.0,30.0,10.0,10.0,0.0,2.4
10210898-001,春,ＴＯＥＦＬ　Ｐｒｅｐａｒａｔｉｏｎ,30,26.7,36.7,30.0,0.0,6.7,0.0,2.8
10210898-002,秋,ＴＯＥＦＬ　Ｐｒｅｐａｒａｔｉｏｎ,24,8.3,50.0,16.7,16.7,8.3,0.0,2.3
10210898-003,春,ＴＯＥＦＬ　Ｐｒｅｐａｒａｔｉｏｎ,26,11.5,23.1,38.5,15.4,11.5,0.0,2.1
10210898-004,秋,ＴＯＥＦＬ　Ｐｒｅｐａｒａｔｉｏｎ,23,17.4,34.8,34.8,0.0,13.0,0.0,2.4
10210898-005,春,ＴＯＥＦＬ　Ｐｒｅｐａｒａｔｉｏｎ,24,4.2,37.5,33.3,16.7,8.3,0.0,2.1
10210898-006,秋,ＴＯＥＦＬ　Ｐｒｅｐａｒａｔｉｏｎ,23,4.3,39.1,43.5,0.0,13.0,0.0,2.2
10210898-007,春,ＴＯＥＦＬ　Ｐｒｅｐａｒａｔｉｏｎ,23,30.4,26.1,30.4,4.3,8.7,0.0,2.7
10210898-008,秋,ＴＯＥＦＬ　Ｐｒｅｐａｒａｔｉｏｎ,21,14.3,42.9,28.6,0.0,14.3,0.0,2.4
10210898-009,春,ＴＯＥＦＬ　Ｐｒｅｐａｒａｔｉｏｎ,22,22.7,18.2,31.8,13.6,13.6,0.0,2.2
10210898-010,秋,ＴＯＥＦＬ　Ｐｒｅｐａｒａｔｉｏｎ,22,9.1,40.9,27.3,22.7,0.0,0.0,2.4
10210898-011,春,ＴＯＥＦＬ　Ｐｒｅｐａｒａｔｉｏｎ,23,13.0,39.1,30.4,8.7,8.7,0.0,2.4
10210898-012,秋,ＴＯＥＦＬ　Ｐｒｅｐａｒａｔｉｏｎ,22,27.3,27.3,27.3,13.6,4.5,0.0,2.6
10210898-013,春,ＴＯＥＦＬ　Ｐｒｅｐａｒａｔｉｏｎ,25,20.0,16.0,60.0,4.0,0.0,0.0,2.5
10210898-014,秋,ＴＯＥＦＬ　Ｐｒｅｐａｒａｔｉｏｎ,23,21.7,39.1,17.4,8.7,13.0,0.0,2.5
10240061-001,春,英書講読Ⅰ〔哲〕,51,19.6,31.4,29.4,9.8,9.8,0.0,2.4
10240061-002,春,英書講読Ⅰ〔哲〕,21,14.3,28.6,14.3,14.3,28.6,0.0,1.9
10240061-003,春,英書講読Ⅰ〔哲〕,18,16.7,5.6,27.8,16.7,33.3,0.0,1.6
10240062-001,秋,英書講読Ⅱ〔哲〕,54,13.0,40.7,27.8,5.6,13.0,0.0,2.4
10240062-002,秋,英書講読Ⅱ〔哲〕,14,7.1,28.6,35.7,21.4,7.1,0.0,2.1
10240062-003,秋,英書講読Ⅱ〔哲〕,15,20.0,13.3,13.3,13.3,40.0,0.0,1.6
10240063-001,春,英書講読Ⅲ〔哲〕,7,0,0,0,0,0,,
10240063-002,春,英書講読Ⅲ〔哲〕,22,18.2,18.2,27.3,18.2,18.2,0.0,2.0
10240064-001,秋,英書講読Ⅳ〔哲〕,4,0,0,0,0,0,,
10240064-002,秋,英書講読Ⅳ〔哲〕,10,10.0,30.0,30.0,10.0,20.0,0.0,2.0
10240065-001,春,独書講読Ⅰ〔哲〕,19,15.8,21.1,36.8,5.3,21.1,0.0,2.1
10240065-002,春,独書講読Ⅰ〔哲〕,28,10.7,28.6,17.9,32.1,10.7,0.0,2.0
10240066-001,秋,独書講読Ⅱ〔哲〕,15,26.7,20.0,26.7,20.0,6.7,0.0,2.4
10240066-002,秋,独書講読Ⅱ〔哲〕,21,23.8,4.8,28.6,19.0,23.8,0.0,1.9
10240067-000,春,独書講読Ⅲ〔哲〕,3,0,0,0,0,0,,
10240068-000,秋,独書講読Ⅳ〔哲〕,6,0,0,0,0,0,,
10240069-001,春,仏書講読Ⅰ〔哲〕,10,40.0,30.0,0.0,10.0,20.0,0.0,2.6
10240069-002,春,仏書講読Ⅰ〔哲〕,7,0,0,0,0,0,,
10240070-001,秋,仏書講読Ⅱ〔哲〕,9,0,0,0,0,0,,
10240070-002,秋,仏書講読Ⅱ〔哲〕,5,0,0,0,0,0,,
10240071-000,春,仏書講読Ⅲ〔哲〕,2,0,0,0,0,0,,
10240072-000,秋,仏書講読Ⅳ〔哲〕,3,0,0,0,0,0,,
10240079-000,春,現代哲学（１）,44,11.4,38.6,15.9,15.9,18.2,0.0,2.1
10240080-000,秋,現代哲学（２）,40,22.5,25.0,17.5,0.0,35.0,0.0,2.0
10240081-000,春,科学哲学（１）,35,17.1,17.1,25.7,20.0,20.0,0.0,1.9
10240082-000,秋,科学哲学（２）,28,25.0,25.0,17.9,17.9,14.3,0.0,2.3
10240083-000,春,歴史哲学（１）,66,16.7,37.9,13.6,13.6,18.2,0.0,2.2
10240084-000,秋,歴史哲学（２）,47,25.5,25.5,25.5,8.5,14.9,0.0,2.4
10240085-000,春,社会哲学（１）,75,22.7,32.0,14.7,14.7,16.0,0.0,2.3
10240086-000,秋,社会哲学（２）,68,13.2,19.1,19.1,16.2,32.4,0.0,1.6
10240087-000,春,宗教哲学（１）,64,32.8,15.6,15.6,4.7,31.3,0.0,2.1
10240088-000,秋,宗教哲学（２）,44,25.0,25.0,20.5,9.1,20.5,0.0,2.3
10240089-000,春,哲学特論（１）,31,67.7,6.5,0.0,6.5,19.4,0.0,3.0
10240090-000,秋,哲学特論（２）,23,56.5,13.0,13.0,4.3,13.0,0.0,3.0
10240093-000,春,倫理学特論（１）,15,20.0,46.7,0.0,6.7,26.7,0.0,2.3
10240094-000,秋,倫理学特論（２）,13,15.4,30.8,23.1,0.0,30.8,0.0,2.0
10240097-000,春,仏教学（１）,27,11.1,40.7,25.9,3.7,18.5,0.0,2.2
10240098-000,秋,仏教学（２）,19,10.5,5.3,5.3,42.1,36.8,0.0,1.1
10240099-000,春,東洋哲学思想史（１）,29,37.9,6.9,10.3,20.7,24.1,0.0,2.1
10240100-000,秋,東洋哲学思想史（２）,23,39.1,26.1,0.0,13.0,21.7,0.0,2.5
10240101-000,春,東洋倫理思想史（１）,25,12.0,44.0,32.0,4.0,8.0,0.0,2.5
10240102-000,秋,東洋倫理思想史（２）,33,12.1,36.4,27.3,6.1,18.2,0.0,2.2
10240103-001,春,宗教学概論（１）,18,22.2,22.2,22.2,27.8,5.6,0.0,2.3
10240103-051,春,宗教学概論（１）,96,5.2,13.5,7.3,20.8,53.1,0.0,1.0
10240104-001,秋,宗教学概論（２）,20,10.0,35.0,25.0,5.0,25.0,0.0,2.0
10240104-051,秋,宗教学概論（２）,64,4.7,17.2,18.8,17.2,42.2,0.0,1.3
10240107-051,春,哲学概論（１）,157,14.6,20.4,22.3,32.5,10.2,0.0,2.0
10240108-051,秋,哲学概論（２）,182,19.8,18.1,24.7,17.6,19.8,0.0,2.0
10240109-001,春,倫理学概論（１）,21,23.8,19.0,19.0,23.8,14.3,0.0,2.1
10240109-051,春,倫理学概論（１）,149,10.7,19.5,24.2,15.4,30.2,0.0,1.7
10240110-001,秋,倫理学概論（２）,9,0,0,0,0,0,,
10240110-051,秋,倫理学概論（２）,119,19.3,30.3,19.3,13.4,17.6,0.0,2.2
10240302-000,春,ラテン語講読Ⅰ,5,0,0,0,0,0,,
10240303-000,秋,ラテン語講読Ⅱ,4,0,0,0,0,0,,
10240400-000,春,西洋古代中世哲学史（１）,101,14.9,29.7,22.8,16.8,15.8,0.0,2.1
10240401-000,秋,西洋古代中世哲学史（２）,100,20.0,23.0,22.0,5.0,30.0,0.0,2.0
10240402-000,春,西洋近世哲学史（１）,78,14.1,30.8,24.4,6.4,24.4,0.0,2.0
10240403-000,秋,西洋近世哲学史（２）,62,12.9,19.4,21.0,8.1,38.7,0.0,1.6
10240404-000,春,西洋倫理学史（１）,28,53.6,7.1,7.1,0.0,32.1,0.0,2.5
10240405-000,秋,西洋倫理学史（２）,22,36.4,18.2,13.6,4.5,27.3,0.0,2.3
10240600-000,春,ラテン語入門Ⅰ,43,37.2,32.6,9.3,4.7,16.3,0.0,2.7
10240601-000,秋,ラテン語入門Ⅱ,27,55.6,18.5,7.4,0.0,18.5,0.0,2.9
10260053-000,春,美学概論（１）,89,28.1,37.1,20.2,5.6,9.0,0.0,2.7
10260054-000,秋,美学概論（２）,98,8.2,38.8,28.6,7.1,17.3,0.0,2.1
10260055-001,春,英書講読（１）〔美〕,29,27.6,34.5,24.1,10.3,3.4,0.0,2.7
10260055-002,春,英書講読（１）〔美〕,28,25.0,57.1,17.9,0.0,0.0,0.0,3.1
10260055-003,春,英書講読（１）〔美〕,23,13.0,21.7,21.7,30.4,13.0,0.0,1.9
10260056-001,秋,英書講読（２）〔美〕,24,4.2,62.5,29.2,0.0,4.2,0.0,2.6
10260056-002,秋,英書講読（２）〔美〕,30,36.7,33.3,23.3,6.7,0.0,0.0,3.0
10260056-003,秋,英書講読（２）〔美〕,18,38.9,22.2,16.7,5.6,16.7,0.0,2.6
10260057-000,春,独書講読（１）〔美〕,25,20.0,16.0,24.0,32.0,8.0,0.0,2.1
10260058-000,秋,独書講読（２）〔美〕,25,76.0,20.0,4.0,0.0,0.0,0.0,3.7
10260059-001,春,仏書講読（１）〔美〕,16,12.5,37.5,12.5,25.0,12.5,0.0,2.1
10260059-002,春,仏書講読（１）〔美〕,17,52.9,35.3,5.9,0.0,5.9,0.0,3.3
10260060-001,秋,仏書講読（２）〔美〕,16,37.5,31.3,18.8,6.3,6.3,0.0,2.9
10260060-002,秋,仏書講読（２）〔美〕,16,43.8,18.8,31.3,6.3,0.0,0.0,3.0
10260061-000,春,芸術学概論（１）,162,22.8,40.7,18.5,6.8,11.1,0.0,2.6
10260062-000,秋,芸術学概論（２）,111,15.3,36.0,21.6,3.6,23.4,0.0,2.2
10260063-000,春,西洋美術史概説（１）,183,19.7,23.0,29.5,13.7,14.2,0.0,2.2
10260064-000,秋,西洋美術史概説（２）,145,52.4,14.5,13.1,5.5,14.5,0.0,2.8
10260065-000,春,日本美術史概説（１）,102,48.0,41.2,0.0,1.0,9.8,0.0,3.2
10260066-000,秋,日本美術史概説（２）,136,11.0,30.9,23.5,17.6,16.9,0.0,2.0
10260068-000,秋,美学特論（２）,15,33.3,13.3,6.7,0.0,46.7,0.0,1.9
10260069-000,春,美学特論（３）,11,18.2,27.3,9.1,9.1,36.4,0.0,1.8
10260070-000,秋,美学特論（４）,24,62.5,16.7,4.2,0.0,16.7,0.0,3.1
10260071-000,春,芸術学特論（１）,80,22.5,45.0,17.5,2.5,12.5,0.0,2.6
10260072-000,秋,芸術学特論（２）,51,19.6,37.3,17.6,5.9,19.6,0.0,2.3
10260073-000,春,芸術学特論（３）,37,18.9,35.1,18.9,10.8,16.2,0.0,2.3
10260074-000,秋,芸術学特論（４）,15,13.3,53.3,6.7,0.0,26.7,0.0,2.3
10260075-000,秋,文献講読（７）,18,33.3,27.8,11.1,5.6,22.2,0.0,2.4
10260076-000,春,文献講読（８）,10,20.0,60.0,20.0,0.0,0.0,0.0,3.0
10260077-000,春,東洋美術史（１）,140,16.4,30.7,17.1,11.4,24.3,0.0,2.0
10260078-000,秋,東洋美術史（２）,106,12.3,34.9,23.6,10.4,18.9,0.0,2.1
10260079-000,春,美術史特論（１）,62,9.7,46.8,25.8,6.5,11.3,0.0,2.4
10260080-000,秋,美術史特論（２）,62,14.5,43.5,22.6,6.5,12.9,0.0,2.4
10260081-000,春,美術史特論（３）,9,0,0,0,0,0,,
10260082-000,秋,美術史特論（４）,17,5.9,29.4,23.5,5.9,35.3,0.0,1.6
10260083-000,春,文献講読（１）,37,70.3,13.5,8.1,0.0,8.1,0.0,3.4
10260084-001,秋,文献講読（２）,5,0,0,0,0,0,,
10260084-002,秋,文献講読（２）,36,30.6,30.6,13.9,11.1,13.9,0.0,2.5
10260085-000,秋,文献講読（３）,14,35.7,14.3,21.4,7.1,21.4,0.0,2.4
10260086-000,春,文献講読（４）,1,0,0,0,0,0,,
10260087-000,秋,文献講読（５）,3,0,0,0,0,0,,
10260088-000,春,文献講読（６）,1,0,0,0,0,0,,
10260099-000,春,芸術学特論（５）,27,11.1,63.0,7.4,0.0,18.5,0.0,2.5
10260100-000,秋,芸術学特論（６）,9,0,0,0,0,0,,
10260103-000,春,芸術史概論（１）,132,10.6,34.1,27.3,18.9,9.1,0.0,2.2
10260104-000,秋,芸術史概論（２）,96,15.6,16.7,35.4,17.7,14.6,0.0,2.0
10260200-000,秋,漢文講読（１）〔美〕,25,0.0,44.0,28.0,8.0,20.0,0.0,2.0
10260201-000,春,漢文講読（２）〔美〕,29,37.9,20.7,27.6,0.0,13.8,0.0,2.7
10260300-000,秋,文献講読（９）,3,0,0,0,0,0,,
10260301-000,秋,文献講読（１０）,2,0,0,0,0,0,,
10260302-000,春,芸術学特論（７）,16,18.8,25.0,25.0,18.8,12.5,0.0,2.2
10260303-000,秋,芸術学特論（８）,12,8.3,0.0,16.7,8.3,66.7,0.0,0.8
10260304-000,春,美術史特論（５）,32,28.1,28.1,18.8,12.5,12.5,0.0,2.5
10260305-000,秋,美術史特論（６）,33,18.2,30.3,18.2,18.2,15.2,0.0,2.2
10260306-000,春,美学特論（５）,24,20.8,29.2,20.8,0.0,29.2,0.0,2.1
10260307-000,秋,美学特論（６）,37,21.6,37.8,29.7,0.0,10.8,0.0,2.6
10260308-000,春,芸術学特論（９）,9,0,0,0,0,0,,
10260309-000,春,芸術学特論（１０）,15,6.7,33.3,33.3,0.0,26.7,0.0,1.9
10260312-000,春,文献講読（１１）,67,23.9,34.3,20.9,10.4,10.4,0.0,2.5
10260313-000,春,文献講読（１２）,2,0,0,0,0,0,,
10260400-000,秋,音楽学概論Ⅰ,83,13.3,24.1,13.3,7.2,42.2,0.0,1.6
10260401-000,春,音楽学概論Ⅱ,87,16.1,27.6,16.1,4.6,35.6,0.0,1.8
10260402-000,秋,演劇学概論Ⅰ,78,17.9,17.9,44.9,3.8,15.4,0.0,2.2
10260403-000,春,演劇学概論Ⅱ,100,14.0,37.0,32.0,0.0,17.0,0.0,2.3
10260404-000,春,映画学概論Ⅰ,62,16.1,14.5,9.7,11.3,48.4,0.0,1.4
10260405-000,秋,映画学概論Ⅱ,151,7.3,15.9,28.5,17.2,31.1,0.0,1.5
10260406-000,秋,デザイン理論Ⅰ,38,65.8,7.9,0.0,0.0,26.3,0.0,2.9
10260407-000,秋,デザイン理論Ⅱ,91,35.2,17.6,6.6,0.0,40.7,0.0,2.1
10260408-000,秋,文芸学概論Ⅰ,58,22.4,36.2,13.8,1.7,25.9,0.0,2.3
10260409-000,春,文芸学概論Ⅱ,46,19.6,30.4,28.3,6.5,15.2,0.0,2.3
10260412-000,春,現代芸術論Ⅰ,63,9.5,50.8,12.7,0.0,27.0,0.0,2.2
10260413-000,秋,現代芸術論Ⅱ,43,46.5,20.9,0.0,0.0,32.6,0.0,2.5
10260415-000,秋,芸術情報論Ⅱ,67,7.5,79.1,3.0,0.0,10.4,0.0,2.7
10260416-000,秋,美学芸術学実地演習Ⅰ,60,18.3,36.7,18.3,8.3,18.3,0.0,2.3
10260417-000,春,美学芸術学実地演習Ⅱ,34,20.6,29.4,11.8,5.9,32.4,0.0,2.0
10270002-000,通年,文化史学概論,0,0,0,0,0,0,,
10270031-001,通年,日本文化史概説,4,0,0,0,0,0,,
10270031-051,通年,日本文化史概説,15,26.7,20.0,13.3,0.0,40.0,0.0,1.9
10270031-101,通年,日本文化史概説,5,0,0,0,0,0,,
10270032-000,通年,日本史学史,4,0,0,0,0,0,,
10270038-000,通年,古文書学,0,0,0,0,0,0,,
10270039-001,通年,日本地域史研究,0,0,0,0,0,0,,
10270039-011,通年,日本地域史研究,0,0,0,0,0,0,,
10270039-012,通年,日本地域史研究,0,0,0,0,0,0,,
10270075-001,通年,考古学実習,0,0,0,0,0,0,,
10270075-002,通年,考古学実習,0,0,0,0,0,0,,
10270078-001,秋,地誌学,23,52.2,21.7,8.7,0.0,17.4,0.0,2.9
10270078-051,春,地誌学,206,16.0,25.7,20.4,11.7,26.2,0.0,1.9
10270078-052,秋,地誌学,100,7.0,25.0,28.0,16.0,24.0,0.0,1.8
10270078-101,春,地誌学,29,13.8,10.3,31.0,24.1,20.7,0.0,1.7
10270080-000,通年,英書講読Ａ〔史〕,0,0,0,0,0,0,,
10270091-001,春,日本美術史（１）,63,15.9,19.0,38.1,11.1,15.9,0.0,2.1
10270091-101,春,日本美術史（１）,14,35.7,21.4,7.1,14.3,21.4,0.0,2.4
10270092-001,秋,日本美術史（２）,65,30.8,36.9,10.8,15.4,6.2,0.0,2.7
10270092-101,秋,日本美術史（２）,16,18.8,31.3,12.5,0.0,37.5,0.0,1.9
10270093-000,春,日本思想史（１）,55,25.5,49.1,16.4,3.6,5.5,0.0,2.9
10270094-000,秋,日本思想史（２）,68,30.9,35.3,10.3,5.9,17.6,0.0,2.6
10270095-000,春,日本社会史（１）,67,9.0,41.8,26.9,7.5,14.9,0.0,2.2
10270096-000,秋,日本社会史（２）,53,7.5,35.8,24.5,3.8,28.3,0.0,1.9
10270097-000,春,考古学概論（１）,71,40.8,19.7,8.5,8.5,22.5,0.0,2.5
10270098-000,秋,考古学概論（２）,73,38.4,31.5,15.1,4.1,11.0,0.0,2.8
10270099-000,春,民俗学（１）,305,42.3,28.9,18.0,1.6,9.2,0.0,2.9
10270100-000,秋,民俗学（２）,289,41.5,27.7,13.5,7.6,9.7,0.0,2.8
10270101-001,春,西洋文化史概説（１）,24,20.8,12.5,29.2,37.5,0.0,0.0,2.2
10270101-051,春,西洋文化史概説（１）,190,23.7,25.3,28.4,10.0,12.6,0.0,2.4
10270101-052,春,西洋文化史概説（１）,89,5.6,7.9,33.7,30.3,22.5,0.0,1.4
10270101-053,秋,西洋文化史概説（１）,131,18.3,21.4,26.7,17.6,16.0,0.0,2.1
10270101-101,秋,西洋文化史概説（１）,24,16.7,16.7,20.8,25.0,20.8,0.0,1.8
10270102-001,秋,西洋文化史概説（２）,39,5.1,12.8,17.9,15.4,48.7,0.0,1.1
10270102-051,秋,西洋文化史概説（２）,112,6.3,25.9,28.6,13.4,25.9,0.0,1.7
10270102-052,秋,西洋文化史概説（２）,97,10.3,47.4,26.8,5.2,10.3,0.0,2.4
10270102-053,春,西洋文化史概説（２）,60,6.7,28.3,28.3,15.0,21.7,0.0,1.8
10270102-101,春,西洋文化史概説（２）,24,12.5,33.3,20.8,16.7,16.7,0.0,2.1
10270103-000,春,西洋思想史（１）,110,10.9,39.1,25.5,8.2,16.4,0.0,2.2
10270104-000,秋,西洋思想史（２）,86,12.8,48.8,15.1,10.5,12.8,0.0,2.4
10270105-000,春,西洋社会史（１）,62,3.2,30.6,38.7,4.8,22.6,0.0,1.9
10270106-000,秋,西洋社会史（２）,49,6.1,28.6,24.5,10.2,30.6,0.0,1.7
10270107-000,春,米国文化史（１）,0,0,0,0,0,0,,
10270108-000,秋,米国文化史（２）,0,0,0,0,0,0,,
10270109-000,春,西洋文化史（１）,0,0,0,0,0,0,,
10270110-000,秋,西洋文化史（２）,0,0,0,0,0,0,,
10270111-000,春,西洋文化史（３）,55,20.0,30.9,20.0,20.0,9.1,0.0,2.3
10270112-000,秋,西洋文化史（４）,0,0,0,0,0,0,,
10270113-000,春,西洋文化史（５）,0,0,0,0,0,0,,
10270114-000,秋,西洋文化史（６）,0,0,0,0,0,0,,
10270115-000,春,西洋文化史（７）,0,0,0,0,0,0,,
10270116-000,秋,西洋文化史（８）,0,0,0,0,0,0,,
10270117-001,春,東洋文化史概説（１）,48,10.4,18.8,18.8,37.5,14.6,0.0,1.7
10270117-051,春,東洋文化史概説（１）,153,0.0,11.8,48.4,32.7,7.2,0.0,1.6
10270117-101,春,東洋文化史概説（１）,55,16.4,25.5,23.6,27.3,7.3,0.0,2.2
10270118-001,秋,東洋文化史概説（２）,34,20.6,26.5,14.7,17.6,20.6,0.0,2.1
10270118-051,秋,東洋文化史概説（２）,142,0.0,4.2,54.9,28.2,12.7,0.0,1.5
10270118-101,秋,東洋文化史概説（２）,61,19.7,37.7,16.4,14.8,11.5,0.0,2.4
10270119-000,春,東洋史特論（１）,2,0,0,0,0,0,,
10270120-000,秋,東洋史特論（２）,1,0,0,0,0,0,,
10270121-000,春,文化史特論（１）,35,42.9,40.0,8.6,0.0,8.6,0.0,3.1
10270122-000,秋,文化史特論（２）,30,30.0,33.3,23.3,0.0,13.3,0.0,2.7
10270123-000,春,文化史特論（３）,7,0,0,0,0,0,,
10270124-000,秋,文化史特論（４）,2,0,0,0,0,0,,
10270125-000,春,文化史特論（５）,15,20.0,60.0,0.0,0.0,20.0,0.0,2.6
10270127-001,春,人文地理学（１）,16,12.5,25.0,25.0,25.0,12.5,0.0,2.0
10270127-051,春,人文地理学（１）,80,5.0,25.0,57.5,3.8,8.8,0.0,2.1
10270127-101,春,人文地理学（１）,39,15.4,41.0,25.6,0.0,17.9,0.0,2.4
10270128-001,秋,人文地理学（２）,14,28.6,42.9,14.3,7.1,7.1,0.0,2.8
10270128-051,秋,人文地理学（２）,84,36.9,28.6,11.9,3.6,19.0,0.0,2.6
10270128-101,秋,人文地理学（２）,38,7.9,39.5,34.2,5.3,13.2,0.0,2.2
10270129-001,春,自然地理学（１）,0,0,0,0,0,0,,
10270129-051,春,自然地理学（１）,0,0,0,0,0,0,,
10270129-101,春,自然地理学（１）,115,33.9,36.5,14.8,6.1,8.7,0.0,2.8
10270130-001,秋,自然地理学（２）,0,0,0,0,0,0,,
10270130-051,秋,自然地理学（２）,0,0,0,0,0,0,,
10270130-101,秋,自然地理学（２）,0,0,0,0,0,0,,
10270209-000,春,文化史学概論（１）,130,0.0,0.0,0.0,0.0,0.0,100.0,0.0
10270210-000,秋,文化史学概論（２）,129,10.9,28.7,27.9,24.0,8.5,0.0,2.1
10270301-000,春,古文書学（１）,56,0.0,0.0,0.0,0.0,0.0,100.0,0.0
10270302-000,秋,古文書学（２）,56,0.0,83.9,5.4,0.0,10.7,0.0,2.6
10270303-001,春,日本地域史研究（１）,64,0.0,0.0,0.0,0.0,0.0,100.0,0.0
10270303-011,春,日本地域史研究（１）,0,0,0,0,0,0,,
10270303-012,春,日本地域史研究（１）,0,0,0,0,0,0,,
10270304-001,秋,日本地域史研究（２）,64,23.4,43.8,18.8,3.1,10.9,0.0,2.7
10270304-011,秋,日本地域史研究（２）,0,0,0,0,0,0,,
10270304-012,秋,日本地域史研究（２）,0,0,0,0,0,0,,
10270305-000,春,オリエント・西洋古代史（１）,57,14.0,29.8,22.8,12.3,21.1,0.0,2.0
10270306-000,秋,オリエント・西洋古代史（２）,50,24.0,26.0,24.0,8.0,18.0,0.0,2.3
10270307-000,春,西洋中世史（１）,55,20.0,30.9,20.0,20.0,9.1,0.0,2.3
10270308-000,秋,西洋中世史（２）,45,20.0,26.7,31.1,11.1,11.1,0.0,2.3
10270309-000,春,西洋近代史（１）,109,8.3,21.1,15.6,26.6,28.4,0.0,1.5
10270310-000,秋,西洋近代史（２）,49,20.4,20.4,8.2,18.4,32.7,0.0,1.8
10270311-000,春,アメリカ大西洋史（１）,67,28.4,34.3,31.3,3.0,3.0,0.0,2.8
10270312-000,秋,アメリカ大西洋史（２）,64,15.6,48.4,18.8,6.3,10.9,0.0,2.5
10270313-000,春,中東イスラーム史（１）,50,4.0,14.0,30.0,30.0,22.0,0.0,1.5
10270314-000,秋,中東イスラーム史（２）,37,13.5,18.9,35.1,18.9,13.5,0.0,2.0
10270316-001,春,日本文化史概説（１）,17,0.0,11.8,41.2,29.4,17.6,0.0,1.5
10270316-051,春,日本文化史概説（１）,131,35.9,29.0,16.0,13.0,6.1,0.0,2.8
10270316-101,春,日本文化史概説（１）,30,30.0,23.3,20.0,20.0,6.7,0.0,2.5
10270317-001,秋,日本文化史概説（２）,12,16.7,41.7,8.3,16.7,16.7,0.0,2.3
10270317-051,秋,日本文化史概説（２）,135,45.9,24.4,13.3,9.6,6.7,0.0,2.9
10270317-101,秋,日本文化史概説（２）,24,45.8,29.2,12.5,4.2,8.3,0.0,3.0
10270318-000,春,日本史学史（１）,63,22.2,31.7,15.9,15.9,14.3,0.0,2.3
10270319-000,秋,日本史学史（２）,75,29.3,37.3,16.0,5.3,12.0,0.0,2.7
10270324-000,春,中東イスラーム史特論（３）,43,14.0,55.8,9.3,11.6,9.3,0.0,2.5
10270325-000,秋,中東イスラーム史特論（４）,30,16.7,33.3,30.0,10.0,10.0,0.0,2.4
10270404-000,秋,東洋史特論（３）,10,60.0,40.0,0.0,0.0,0.0,0.0,3.6
10270405-000,春,東洋史特論（４）,6,0,0,0,0,0,,
10270406-000,秋,文化史特論（６）,17,17.6,52.9,0.0,11.8,17.6,0.0,2.4
10270407-001,春,博物館概論,19,0.0,26.3,36.8,5.3,31.6,0.0,1.6
10270407-051,秋,博物館概論,84,2.4,26.2,57.1,6.0,8.3,0.0,2.1
10270408-001,秋,博物館経営論,9,0,0,0,0,0,,
10270408-051,春,博物館経営論,94,0.0,24.5,56.4,8.5,10.6,0.0,1.9
10270409-001,秋,博物館資料論,18,11.1,16.7,22.2,11.1,38.9,0.0,1.5
10270409-051,春,博物館資料論,95,1.1,23.2,45.3,16.8,13.7,0.0,1.8
10270410-001,春,博物館情報メディア論,8,0,0,0,0,0,,
10270410-051,秋,博物館情報メディア論,87,26.4,31.0,33.3,3.4,5.7,0.0,2.7
10270411-001,秋,博物館教育論,16,18.8,31.3,25.0,18.8,6.3,0.0,2.4
10270411-051,春,博物館教育論,123,10.6,30.1,13.0,24.4,22.0,0.0,1.8
10270412-001,春,博物館資料保存論,11,0.0,54.5,45.5,0.0,0.0,0.0,2.5
10270412-051,秋,博物館資料保存論,89,2.2,30.3,56.2,2.2,9.0,0.0,2.1
10270413-001,秋,博物館展示論,33,6.1,9.1,27.3,48.5,9.1,0.0,1.5
10270413-051,春,博物館展示論,62,14.5,69.4,12.9,0.0,3.2,0.0,2.9
10270414-001,春,博物館実習Ⅰ,15,0.0,0.0,0.0,0.0,0.0,100.0,0.0
10270414-051,春,博物館実習Ⅰ,32,0.0,0.0,0.0,0.0,0.0,100.0,0.0
10270414-052,春,博物館実習Ⅰ,32,0.0,0.0,0.0,0.0,0.0,100.0,0.0
10270415-001,秋,博物館実習Ⅱ,15,46.7,26.7,20.0,6.7,0.0,0.0,3.1
10270415-051,秋,博物館実習Ⅱ,32,28.1,28.1,34.4,9.4,0.0,0.0,2.8
10270415-052,秋,博物館実習Ⅱ,33,48.5,36.4,12.1,0.0,3.0,0.0,3.3
10270416-000,春,東洋文化史概説（３）,11,0.0,27.3,27.3,18.2,27.3,0.0,1.5
10270417-000,秋,東洋文化史概説（４）,11,9.1,27.3,0.0,27.3,36.4,0.0,1.5
10270418-001,春,考古学実習（１）,11,0.0,0.0,0.0,0.0,0.0,100.0,0.0
10270418-002,春,考古学実習（１）,8,0,0,0,0,0,,
10270419-001,秋,考古学実習（２）,11,81.8,9.1,0.0,9.1,0.0,0.0,3.6
10270419-002,秋,考古学実習（２）,8,0,0,0,0,0,,
10270420-001,春,地理学総論（１）,29,10.3,41.4,17.2,13.8,17.2,0.0,2.1
10270420-051,春,地理学総論（１）,32,21.9,25.0,18.8,6.3,28.1,0.0,2.1
10270420-101,春,地理学総論（１）,115,33.9,36.5,14.8,6.1,8.7,0.0,2.8
10270421-001,秋,地理学総論（２）,18,38.9,27.8,5.6,0.0,27.8,0.0,2.5
10270421-051,秋,地理学総論（２）,24,45.8,29.2,0.0,0.0,25.0,0.0,2.7
10270421-101,秋,地理学総論（２）,97,26.8,26.8,18.6,8.2,19.6,0.0,2.3
10270422-000,春,英書講読Ａ（１）〔史〕,2,0,0,0,0,0,,
10270423-000,秋,英書講読Ａ（２）〔史〕,2,0,0,0,0,0,,
10270501-001,春,外国書講読Ａ〔英〕（１）,55,12.7,30.9,36.4,10.9,9.1,0.0,2.3
10270501-002,春,外国書講読Ａ〔英〕（１）,18,44.4,38.9,5.6,0.0,11.1,0.0,3.1
10270502-001,秋,外国書講読Ａ〔英〕（２）,49,16.3,36.7,26.5,10.2,10.2,0.0,2.4
10270502-002,秋,外国書講読Ａ〔英〕（２）,15,40.0,26.7,26.7,0.0,6.7,0.0,2.9
10270503-001,春,外国書講読Ａ〔英〕（３）,27,22.2,33.3,29.6,11.1,3.7,0.0,2.6
10270503-002,春,外国書講読Ａ〔英〕（３）,18,44.4,38.9,5.6,0.0,11.1,0.0,3.1
10270504-001,秋,外国書講読Ａ〔英〕（４）,29,31.0,34.5,24.1,10.3,0.0,0.0,2.9
10270504-002,秋,外国書講読Ａ〔英〕（４）,15,40.0,26.7,26.7,0.0,6.7,0.0,2.9
10270505-000,春,外国書講読Ｂ〔独〕（１）,14,21.4,21.4,14.3,35.7,7.1,0.0,2.1
10270506-000,秋,外国書講読Ｂ〔独〕（２）,11,27.3,18.2,18.2,36.4,0.0,0.0,2.4
10270507-000,春,外国書講読Ｂ〔独〕（３）,14,21.4,21.4,14.3,35.7,7.1,0.0,2.1
10270508-000,秋,外国書講読Ｂ〔独〕（４）,11,27.3,18.2,18.2,36.4,0.0,0.0,2.4
10270509-000,春,外国書講読Ｂ〔仏〕（１）,15,0.0,80.0,6.7,0.0,13.3,0.0,2.5
10270510-000,秋,外国書講読Ｂ〔仏〕（２）,12,50.0,33.3,8.3,0.0,8.3,0.0,3.2
10270511-000,春,外国書講読Ｂ〔仏〕（３）,15,0.0,80.0,6.7,0.0,13.3,0.0,2.5
10270512-000,秋,外国書講読Ｂ〔仏〕（４）,12,50.0,33.3,8.3,0.0,8.3,0.0,3.2
10270525-000,春,外国書講読〔漢〕（１）,1,0,0,0,0,0,,
10270526-000,秋,外国書講読〔漢〕（２）,1,0,0,0,0,0,,
10270527-000,春,外国書講読〔漢〕（３）,0,0,0,0,0,0,,
10270528-000,秋,外国書講読〔漢〕（４）,0,0,0,0,0,0,,
10270601-000,通年,教育実習Ａ,0,0,0,0,0,0,,
10270602-000,通年,教育実習Ｂ,4,0,0,0,0,0,,
10270603-000,通年,教育実習Ｃ,18,61.1,38.9,0.0,0.0,0.0,0.0,3.6
10270606-000,通年,教育実習の研究,0,0,0,0,0,0,,
10270609-000,通年,教育実習指導,22,72.7,22.7,0.0,0.0,4.5,0.0,3.6
10270612-000,春,イタリア語入門Ⅰ（文化史）,8,0,0,0,0,0,,
10270613-000,秋,イタリア語入門Ⅱ（文化史）,6,0,0,0,0,0,,
10270614-000,春,イタリア語応用１（文化史）,6,0,0,0,0,0,,
10270615-000,秋,イタリア語応用２（文化史）,6,0,0,0,0,0,,
10270616-000,春,イタリア語応用３（文化史）,7,0,0,0,0,0,,
10270617-000,秋,イタリア語応用４（文化史）,7,0,0,0,0,0,,
10280181-000,春,日本文学史（１）,83,9.6,44.6,26.5,3.6,15.7,0.0,2.3
10280182-000,秋,日本文学史（２）,46,23.9,26.1,26.1,2.2,21.7,0.0,2.3
10280183-000,春,日本語史（１）,42,26.2,19.0,23.8,11.9,19.0,0.0,2.2
10280184-000,秋,日本語史（２）,28,25.0,28.6,14.3,21.4,10.7,0.0,2.4
10280185-000,春,日本語学概論（１）,84,15.5,33.3,21.4,19.0,10.7,0.0,2.2
10280186-000,秋,日本語学概論（２）,117,16.2,39.3,20.5,13.7,10.3,0.0,2.4
10280187-000,春,日本文学概論（１）,66,13.6,39.4,34.8,10.6,1.5,0.0,2.5
10280188-000,秋,日本文学概論（２）,51,25.5,31.4,33.3,3.9,5.9,0.0,2.7
10280189-000,春,日本語文法（１）,120,17.5,22.5,30.8,18.3,10.8,0.0,2.2
10280190-000,秋,日本語文法（２）,126,12.7,17.5,33.3,27.8,8.7,0.0,2.0
10280191-001,春,漢文（１）,92,34.8,23.9,13.0,21.7,6.5,0.0,2.6
10280191-002,春,漢文（１）,52,15.4,34.6,38.5,5.8,5.8,0.0,2.5
10280192-001,秋,漢文（２）,85,32.9,20.0,28.2,10.6,8.2,0.0,2.6
10280192-002,秋,漢文（２）,46,17.4,26.1,34.8,8.7,13.0,0.0,2.3
10280197-000,春,言語学概論（１）,28,32.1,50.0,7.1,0.0,10.7,0.0,2.9
10280198-000,秋,言語学概論（２）,19,26.3,36.8,10.5,15.8,10.5,0.0,2.5
10280271-001,春,書道（１）,50,62.0,24.0,4.0,0.0,10.0,0.0,3.3
10280271-002,春,書道（１）,53,58.5,32.1,5.7,0.0,3.8,0.0,3.4
10280272-001,秋,書道（２）,48,75.0,12.5,4.2,0.0,8.3,0.0,3.5
10280272-002,秋,書道（２）,40,65.0,17.5,5.0,2.5,10.0,0.0,3.3
10280273-000,春,漢文学概論（１）,21,66.7,28.6,0.0,0.0,4.8,0.0,3.5
10280274-000,秋,漢文学概論（２）,26,38.5,46.2,7.7,7.7,0.0,0.0,3.2
10280281-001,春,国語科教育法Ｂ,25,64.0,24.0,8.0,4.0,0.0,0.0,3.5
10280281-002,春,国語科教育法Ｂ,17,64.7,23.5,0.0,11.8,0.0,0.0,3.4
10280282-001,秋,国語科教育法Ｃ,19,89.5,5.3,0.0,0.0,5.3,0.0,3.7
10280282-002,秋,国語科教育法Ｃ,22,77.3,22.7,0.0,0.0,0.0,0.0,3.8
10280295-001,春,国語科教育法Ａ１,33,63.6,27.3,9.1,0.0,0.0,0.0,3.5
10280295-002,春,国語科教育法Ａ１,0,0,0,0,0,0,,
10280296-001,秋,国語科教育法Ａ２,4,0,0,0,0,0,,
10280297-001,通年,教育実習Ａ,0,0,0,0,0,0,,
10280297-002,通年,教育実習Ａ,0,0,0,0,0,0,,
10280298-001,通年,教育実習Ｂ,0,0,0,0,0,0,,
10280298-002,通年,教育実習Ｂ,2,0,0,0,0,0,,
10280299-001,通年,教育実習Ｃ,14,85.7,14.3,0.0,0.0,0.0,0.0,3.9
10280299-002,通年,教育実習Ｃ,11,90.9,9.1,0.0,0.0,0.0,0.0,3.9
10280302-001,通年,教育実習の研究,0,0,0,0,0,0,,
10280302-002,通年,教育実習の研究,0,0,0,0,0,0,,
10280304-001,通年,教育実習指導,14,85.7,14.3,0.0,0.0,0.0,0.0,3.9
10280304-002,通年,教育実習指導,13,92.3,7.7,0.0,0.0,0.0,0.0,3.9
10280400-000,春,日本文学講読（上代Ａ）,44,0.0,22.7,52.3,4.5,20.5,0.0,1.8
10280401-000,秋,日本文学講読（上代Ｂ）,19,10.5,10.5,47.4,10.5,21.1,0.0,1.8
10280402-000,春,日本文学講読（上代Ｃ）,86,41.9,29.1,15.1,8.1,5.8,0.0,2.9
10280403-000,春,日本文学講読（中古Ａ）,125,24.0,52.8,12.0,1.6,9.6,0.0,2.8
10280404-000,秋,日本文学講読（中古Ｂ）,79,20.3,45.6,21.5,0.0,12.7,0.0,2.6
10280405-000,春,日本文学講読（中古Ｃ）,62,32.3,27.4,21.0,11.3,8.1,0.0,2.6
10280406-000,春,日本文学講読（中世Ａ）,90,40.0,41.1,4.4,0.0,14.4,0.0,2.9
10280407-000,秋,日本文学講読（中世Ｂ）,49,20.4,30.6,22.4,10.2,16.3,0.0,2.3
10280408-000,春,日本文学講読（中世Ｃ）,28,92.9,0.0,0.0,7.1,0.0,0.0,3.8
10280409-000,春,日本文学講読（近世Ａ）,53,1.9,47.2,30.2,9.4,11.3,0.0,2.2
10280410-000,秋,日本文学講読（近世Ｂ）,47,27.7,53.2,4.3,4.3,10.6,0.0,2.8
10280411-000,春,日本文学講読（近世Ｃ）,40,10.0,17.5,37.5,20.0,15.0,0.0,1.9
10280412-001,春,日本文学講読（近現代Ａ）,81,22.2,29.6,16.0,11.1,21.0,0.0,2.2
10280412-002,春,日本文学講読（近現代Ａ）,30,30.0,33.3,16.7,3.3,16.7,0.0,2.6
10280413-001,秋,日本文学講読（近現代Ｂ）,163,1.8,27.6,41.7,15.3,13.5,0.0,1.9
10280413-002,秋,日本文学講読（近現代Ｂ）,4,0,0,0,0,0,,
10280414-001,春,日本文学講読（近現代Ｃ）,35,17.1,37.1,28.6,5.7,11.4,0.0,2.4
10280414-002,春,日本文学講読（近現代Ｃ）,10,40.0,30.0,0.0,0.0,30.0,0.0,2.5
10280415-000,秋,日本文学講読（近現代Ｄ）,24,12.5,41.7,8.3,4.2,33.3,0.0,2.0
10280417-000,春,日本文学講読（広域Ａ）,34,41.2,32.4,17.6,0.0,8.8,0.0,3.0
10280418-000,秋,日本文学講読（広域Ｂ）,50,28.0,32.0,24.0,2.0,14.0,0.0,2.6
10280419-000,春,日本文学講読（広域Ｃ）,23,4.3,26.1,21.7,21.7,26.1,0.0,1.6
10280420-000,秋,日本文学講読（上代Ｄ）,113,53.1,19.5,15.0,8.8,3.5,0.0,3.1
10280421-000,秋,日本文学講読（中古Ｄ）,6,0,0,0,0,0,,
10280422-000,秋,日本文学講読（中世Ｄ）,113,66.4,15.0,4.4,1.8,12.4,0.0,3.2
10280423-000,秋,日本文学講読（近世Ｄ）,34,32.4,29.4,17.6,17.6,2.9,0.0,2.7
10280424-000,秋,日本文学講読（広域Ｄ）,37,10.8,27.0,21.6,16.2,24.3,0.0,1.8
10280500-000,春,日本語学講読（Ａ）,38,26.3,42.1,18.4,0.0,13.2,0.0,2.7
10280501-000,秋,日本語学講読（Ｂ）,40,17.5,22.5,32.5,0.0,27.5,0.0,2.0
10280502-000,春,日本語学講読（Ｃ）,59,10.2,32.2,39.0,11.9,6.8,0.0,2.3
10280503-000,秋,日本語学講読（Ｄ）,62,14.5,25.8,32.3,3.2,24.2,0.0,2.0
10280600-000,春,日本文学特殊講義（上代Ａ）,25,24.0,48.0,4.0,0.0,24.0,0.0,2.5
10280601-000,秋,日本文学特殊講義（上代Ｂ）,30,16.7,36.7,20.0,0.0,26.7,0.0,2.2
10280602-000,春,日本文学特殊講義（上代Ｃ）,14,21.4,64.3,0.0,0.0,14.3,0.0,2.8
10280603-000,春,日本文学特殊講義（中古Ａ）,47,14.9,25.5,19.1,14.9,25.5,0.0,1.9
10280604-000,秋,日本文学特殊講義（中古Ｂ）,30,13.3,26.7,23.3,16.7,20.0,0.0,2.0
10280605-000,春,日本文学特殊講義（中古Ｃ）,17,17.6,41.2,23.5,11.8,5.9,0.0,2.5
10280606-000,春,日本文学特殊講義（中世Ａ）,40,55.0,30.0,5.0,2.5,7.5,0.0,3.2
10280607-000,秋,日本文学特殊講義（中世Ｂ）,16,31.3,25.0,12.5,6.3,25.0,0.0,2.3
10280608-000,春,日本文学特殊講義（中世Ｃ）,27,25.9,18.5,11.1,7.4,37.0,0.0,1.9
10280609-000,春,日本文学特殊講義（近世Ａ）,9,0,0,0,0,0,,
10280610-000,秋,日本文学特殊講義（近世Ｂ）,5,0,0,0,0,0,,
10280611-000,春,日本文学特殊講義（近世Ｃ）,19,31.6,36.8,5.3,5.3,21.1,0.0,2.5
10280612-001,春,日本文学特殊講義（近現代Ａ）,20,10.0,25.0,30.0,0.0,35.0,0.0,1.8
10280612-002,春,日本文学特殊講義（近現代Ａ）,53,30.2,22.6,26.4,3.8,17.0,0.0,2.5
10280613-001,秋,日本文学特殊講義（近現代Ｂ）,27,70.4,3.7,7.4,0.0,18.5,0.0,3.1
10280613-002,秋,日本文学特殊講義（近現代Ｂ）,51,35.3,35.3,13.7,2.0,13.7,0.0,2.8
10280614-001,春,日本文学特殊講義（近現代Ｃ）,54,31.5,25.9,13.0,14.8,14.8,0.0,2.4
10280614-002,春,日本文学特殊講義（近現代Ｃ）,1,0,0,0,0,0,,
10280615-000,秋,日本文学特殊講義（近現代Ｄ）,76,22.4,30.3,26.3,10.5,10.5,0.0,2.4
10280617-000,春,日本文学特殊講義（総合Ａ）,68,4.4,35.3,39.7,5.9,14.7,0.0,2.1
10280618-000,秋,日本文学特殊講義（総合Ｂ）,62,4.8,33.9,38.7,14.5,8.1,0.0,2.1
10280619-000,春,日本文学特殊講義（総合Ｃ）,15,13.3,33.3,20.0,20.0,13.3,0.0,2.1
10280620-000,秋,日本文学特殊講義（総合Ｄ）,49,30.6,36.7,12.2,2.0,18.4,0.0,2.6
10280621-000,秋,日本文学特殊講義（上代Ｄ）,17,11.8,47.1,5.9,11.8,23.5,0.0,2.1
10280622-000,秋,日本文学特殊講義（中古Ｄ）,30,16.7,30.0,20.0,23.3,10.0,0.0,2.2
10280623-000,秋,日本文学特殊講義（中世Ｄ）,28,78.6,7.1,3.6,0.0,10.7,0.0,3.4
10280624-000,秋,日本文学特殊講義（近世Ｄ）,8,0,0,0,0,0,,
10280700-000,春,日本語学特殊講義（Ａ）,13,46.2,38.5,0.0,0.0,15.4,0.0,3.0
10280701-000,秋,日本語学特殊講義（Ｂ）,12,33.3,25.0,25.0,16.7,0.0,0.0,2.8
10280702-000,春,日本語学特殊講義（Ｃ）,5,0,0,0,0,0,,
10280703-000,秋,日本語学特殊講義（Ｄ）,16,50.0,37.5,0.0,0.0,12.5,0.0,3.1
15010010-001,秋,教職概論,24,8.3,33.3,12.5,4.2,41.7,0.0,1.6
15010010-002,春,教職概論,16,0.0,62.5,31.3,0.0,6.3,0.0,2.5
15010010-003,春,教職概論,89,42.7,40.4,6.7,0.0,10.1,0.0,3.1
15010010-004,春,教職概論,100,39.0,46.0,7.0,2.0,6.0,0.0,3.1
15010010-005,秋,教職概論,23,47.8,4.3,17.4,0.0,30.4,0.0,2.4
15010010-051,秋,教職概論,77,0.0,10.4,27.3,37.7,24.7,0.0,1.2
15010010-052,春,教職概論,157,24.2,43.3,28.7,1.3,2.5,0.0,2.9
15010010-053,春,教職概論,76,35.5,56.6,3.9,1.3,2.6,0.0,3.2
15010010-054,秋,教職概論,61,0.0,55.7,16.4,3.3,24.6,0.0,2.0
15010010-055,秋,教職概論,9,0,0,0,0,0,,
15010010-056,春,教職概論,34,5.9,76.5,2.9,2.9,11.8,0.0,2.6
15010020-001,春,教育原理,103,21.4,45.6,23.3,0.0,9.7,0.0,2.7
15010020-002,秋,教育原理,43,46.5,25.6,4.7,4.7,18.6,0.0,2.8
15010020-003,秋,教育原理,79,41.8,35.4,5.1,1.3,16.5,0.0,2.8
15010020-051,春,教育原理,101,24.8,42.6,21.8,5.0,5.9,0.0,2.8
15010020-052,秋,教育原理,76,26.3,32.9,22.4,6.6,11.8,0.0,2.6
15010020-053,春,教育原理,75,42.7,30.7,18.7,4.0,4.0,0.0,3.0
15010020-054,秋,教育原理,87,17.2,42.5,19.5,6.9,13.8,0.0,2.4
15010020-055,秋,教育原理,80,23.8,47.5,17.5,3.8,7.5,0.0,2.8
15010020-056,春,教育原理,39,35.9,30.8,10.3,12.8,10.3,0.0,2.7
15010030-001,秋,発達と学習の心理学,0,0,0,0,0,0,,
15010030-002,春,発達と学習の心理学,0,0,0,0,0,0,,
15010030-003,秋,発達と学習の心理学,42,9.5,16.7,31.0,16.7,26.2,0.0,1.7
15010030-004,秋,発達と学習の心理学,42,16.7,26.2,26.2,7.1,23.8,0.0,2.0
15010030-005,春,発達と学習の心理学,69,15.9,21.7,21.7,29.0,11.6,0.0,2.0
15010030-051,春,発達と学習の心理学,0,0,0,0,0,0,,
15010030-052,春,発達と学習の心理学,0,0,0,0,0,0,,
15010030-053,秋,発達と学習の心理学,0,0,0,0,0,0,,
15010030-054,秋,発達と学習の心理学,0,0,0,0,0,0,,
15010030-055,春,発達と学習の心理学,0,0,0,0,0,0,,
15010060-001,秋,人権教育論,114,3.5,35.1,36.8,13.2,11.4,0.0,2.1
15010060-002,秋,人権教育論,82,17.1,39.0,23.2,9.8,11.0,0.0,2.4
15010060-051,秋,人権教育論,120,43.3,37.5,8.3,1.7,9.2,0.0,3.0
15010060-052,秋,人権教育論,97,18.6,46.4,12.4,10.3,12.4,0.0,2.5
15010060-053,秋,人権教育論,120,8.3,32.5,21.7,12.5,25.0,0.0,1.9
15010150-001,秋,特別支援と福祉の教育,38,2.6,73.7,13.2,0.0,10.5,0.0,2.6
15010150-002,春,特別支援と福祉の教育,44,0.0,70.5,20.5,4.5,4.5,0.0,2.6
15010150-003,秋,特別支援と福祉の教育,39,5.1,59.0,15.4,2.6,17.9,0.0,2.3
15010150-004,春,特別支援と福祉の教育,34,5.9,64.7,11.8,0.0,17.6,0.0,2.4
15010150-051,春,特別支援と福祉の教育,74,4.1,70.3,20.3,1.4,4.1,0.0,2.7
15010150-052,秋,特別支援と福祉の教育,31,51.6,22.6,9.7,6.5,9.7,0.0,3.0
15010150-053,春,特別支援と福祉の教育,91,42.9,18.7,26.4,9.9,2.2,0.0,2.9
15010150-054,秋,特別支援と福祉の教育,38,42.1,28.9,13.2,2.6,13.2,0.0,2.8
15010150-055,春,特別支援と福祉の教育,21,0.0,76.2,9.5,0.0,14.3,0.0,2.5
15010150-056,秋,特別支援と福祉の教育,21,0.0,66.7,14.3,4.8,14.3,0.0,2.3
15030010-001,春,生涯学習概論,62,38.7,22.6,14.5,9.7,14.5,0.0,2.6
15030010-051,春,生涯学習概論,121,16.5,60.3,16.5,0.8,5.8,0.0,2.8
15030010-052,秋,生涯学習概論,109,11.0,67.9,10.1,2.8,8.3,0.0,2.7
15030020-001,秋,図書館情報学概論,19,31.6,31.6,0.0,0.0,36.8,0.0,2.2
15030020-051,春,図書館情報学概論,111,26.1,35.1,3.6,5.4,29.7,0.0,2.2
15030020-101,秋,図書館情報学概論,45,53.3,17.8,6.7,8.9,13.3,0.0,2.9
15030050-001,春,図書館情報サービス論Ⅰ,18,0.0,5.6,16.7,55.6,22.2,0.0,1.1
15030050-051,春,図書館情報サービス論Ⅰ,87,43.7,43.7,6.9,0.0,5.7,0.0,3.2
15030050-101,春,図書館情報サービス論Ⅰ,25,36.0,48.0,8.0,4.0,4.0,0.0,3.1
15030060-001,秋,図書館情報サービス論Ⅱ,13,23.1,23.1,46.2,7.7,0.0,0.0,2.6
15030060-051,秋,図書館情報サービス論Ⅱ,72,56.9,30.6,6.9,1.4,4.2,0.0,3.3
15030060-101,秋,図書館情報サービス論Ⅱ,14,64.3,28.6,7.1,0.0,0.0,0.0,3.6
